3.1564108236039493e-05,0.17253941191121194,0.006488733050095279,8.439934123616934e-05,6.679267173907347e-05,6.752922016642328e-05,0.015092288701860032,0.1918484606897239,0.08619404232908409,0.0004976393775947971,0.0007821925119235055,11.80769470273121,0.010943321490233804,1.53265900526464e-05,4.6258959603459983e-05,0.0045653311900601574,0.009239251793267768,0.00329831804198368,0.0006313828065357237,3.3806294816388547e-06,1.0289009420631139,0.043463545094082796
3.4987300998555286e-05,0.14939976758192708,0.05132964098046926,7.696530060959187e-05,2.8580666173187835e-06,6.526481899217339e-05,0.0029837854748691185,0.10091387455323073,0.08592812859499559,0.000566123949629889,0.00011549316396917767,1.4375343888194259,0.6854427249409828,1.5268479888393865e-05,4.0117051105169774e-05,0.003606879005933491,0.009828699507756297,0.005288278396479519,4.651802576024583e-05,6.333251178602546e-05,1.0442560994915662,0.0005667410001676123
3.4858474141521276e-05,0.19113634691620662,0.28800261354773143,5.9182526066067834e-05,8.361541522692606e-05,4.950230688307989e-08,0.013753412551683435,0.11552031724457847,0.06077563258133067,0.0002759732348562164,0.0006052819872443999,11.163124537702679,0.027418277641323638,1.1813832369906493e-06,5.4537992011524456e-05,0.003087987396496829,0.009747268005343793,0.004629638380355153,1.1151367492939305e-06,7.512240111280097e-06,2.095046992387039,0.0576463690216955
3.768707442581877e-05,0.1996769617591903,0.02490186914034459,9.072281361261031e-05,2.9615125107058075e-05,2.3747387125309217e-05,0.016464700300895155,0.006322716703798768,0.10382146867830473,0.00015606468215242773,0.0007153503701794129,8.899530503591938,0.04577450789625655,2.1947054114376854e-07,6.103793033721093e-05,0.0010186728905489017,0.008749713112531926,0.00525788876523687,8.113250736385339e-05,1.4420675949765224e-06,1.1007870793738939,0.0009367720186375104
4.1659834467091796e-05,0.16478982531721356,0.6337014549624728,7.447506186619215e-05,1.820034477411509e-07,1.1225724640379032e-05,0.014396924350158005,0.06554941269153593,0.07620937942796673,0.0005196597142127818,0.0007187793706670162,2.3049612457900412,0.09204931601603304,2.2149339472710892e-05,7.069046018241762e-05,0.0029631173184840693,0.00856163738897636,0.00549896519829448,7.868467837369868e-05,0.00036346765585646465,7.029369360280213,0.002641726509241278
4.0104734440779875e-05,0.19632295657942908,0.12424891945576921,8.879670232774373e-05,1.7330382831451895e-05,4.114906242828836e-05,0.013647696513087027,0.06290449558247262,0.14752927024051593,0.0004988984208168786,0.001071737161561769,3.009700324560141,0.09257052948437702,1.7402621514941543e-05,7.88423897259942e-05,0.0035070239065996883,0.008755366413464007,0.000782223480112372,1.9451598700620033e-05,0.0021104922701874356,1.8227729415480294,0.0005021761433476721
3.898553076316113e-05,0.1744365750363504,0.7167357892494686,6.17558528219562e-05,4.366839504633033e-05,1.9934665367563542e-05,0.016741817419860486,0.09329294352424992,0.08370123328771409,0.0003513681506472899,0.0012407291351250352,11.229631494964773,0.02198301717677629,6.651828362004416e-06,8.742700454888223e-05,0.003453692248394561,0.008604299263986072,0.0026433125251843544,8.170939227286958e-05,0.0008428620819139254,4.925714717046198,0.0005951533297951397
4.179457643167786e-05,0.18653593985334369,0.4307415454353623,7.683220546132402e-05,4.173453427309865e-06,1.4534259974528997e-05,0.011729897564771257,0.053632154617031115,0.08989960738197576,0.0004270222012044038,0.0007819996326554424,1.6076992639084073,0.04555207972205029,2.2891120859743178e-06,6.222164310212005e-05,0.0031849490862515613,0.009664048954933854,0.005168395822801198,2.075759013015311e-06,0.00015700868214173018,6.235556441399513,0.03836884149936867
3.523090962880942e-05,0.16636695851239056,0.6000233194674769,7.123860567380795e-05,5.4950355958384105e-06,4.0143601727778253e-07,0.030689388770181195,0.06460773257452132,0.0809774999599928,0.0008628284524363238,0.0003689294367704996,2.5006246988012637,0.09837345973798443,1.512034675333028e-05,3.858627259553612e-05,0.00035998519333977513,0.007212832345115577,0.00553322710747263,2.98465652196036e-05,8.530708979657674e-05,2.9360693043933366,0.0008257471538830746
4.221033527133993e-05,0.19912740330546883,0.4637955268121671,8.859710504591568e-05,2.2341031418793096e-05,9.074157671784323e-06,0.01630169789526646,0.0822006745327297,0.05219269983750141,0.0003280559513967399,0.0006409862378473516,8.662885210377931,0.03128377943725932,1.032791205941321e-05,7.728187532618085e-05,0.0018332939688237545,0.008465987555394575,0.005240448428035569,0.00011356609649977418,2.5443248962400385e-05,5.668073554699377,0.05746837511781621
4.254963622882288e-05,0.1966822457442748,0.724846744085169,5.5628546044243896e-05,3.259649856895154e-05,1.766727044871689e-05,0.017152892878703856,0.04132820392887661,0.08370123328771409,0.0003749472897749242,0.0007349892777779719,11.229631494964773,0.037873265067342315,1.1880784837515623e-05,7.802785132528775e-05,0.0034222487195216013,0.00904922107364356,0.0024181830996409127,8.040236721343319e-06,0.0009970671572503826,5.8186711798492095,0.008649659600903227
4.191830398898333e-05,0.1700261257034622,0.23173043710864538,7.97237785547619e-05,3.9290114950396103e-05,6.205600032781382e-05,0.018165271844978532,0.0901763192102328,0.08718094726315354,0.00020440488494031413,0.0012677151777862232,11.860272818954229,0.028455809989517862,6.371171497525644e-06,8.430055593204434e-05,0.002303746740418228,0.007140243377057041,0.00374908534266405,1.6203116351767844e-05,0.00016216863534786392,4.576267029383672,0.0005088138836538133
4.130863164611532e-05,0.19547690423857705,0.3742420608512065,9.212622823658049e-05,1.912259047841525e-05,1.4757173543594915e-05,0.012507250980310079,0.05238872548397534,0.10771216711446513,0.0002171027483101127,0.0012862245982766525,3.93544268837631,0.03683321489948197,6.319601323936673e-06,6.403539364972185e-05,0.0032815465475352114,0.009341583263039256,0.0028280183213480027,0.00011366369459348187,0.00026322726852890527,7.314557358391919,0.0023118779738630977
4.191830398898333e-05,0.19816141473049442,0.4552766373699857,8.893213910678689e-05,9.43727230227922e-06,6.205600032781382e-05,0.02146244691229247,0.07057275421932371,0.07783290727687349,0.00015874285225125713,0.0012677151777862232,11.850013211459725,0.028455809989517862,1.275340802005634e-05,7.970048719404989e-05,0.0024612564270991132,0.007544733455462713,0.00374908534266405,0.00022333053485841422,0.0018590397086780818,4.576267029383672,0.0019342408100282234
3.664143418294065e-05,0.18895224181792014,0.366054350020549,5.324376768661871e-05,1.810661644960316e-05,5.6284715711893355e-06,0.008567608250510866,0.09249687769337044,0.08322707420757848,0.0002788767977517725,0.001706563756044196,8.012126530931283,0.014582681233795287,1.1138993752464128e-05,7.17098843321695e-05,0.004077370398051807,0.008751835572248649,0.003193042019602324,2.5338664354431684e-05,0.0018630003658755801,7.548820927125142,0.0005110559195960931
4.745744296336415e-05,0.18162975013271265,0.46401588378229425,7.598018344899821e-05,3.424891931581237e-06,1.7315841479263076e-05,0.016970398294690124,0.07729277070403419,0.08935386853309756,0.00047228788243257677,0.00050790675241605,8.662885210377931,0.012545269701260686,2.0744049616862116e-05,7.241343150842559e-05,0.00350559287518974,0.008730547783194839,0.00325292507746547,0.00016885364121749843,0.0002443457520003954,6.12316964310444,0.00278388668919012
4.310185219686449e-05,0.1732040181434787,0.4309798941896051,8.30758691731404e-05,5.836088646868637e-06,7.634836309837847e-06,0.03267926776635754,0.07892495683079556,0.09284648671864808,0.000409296620477744,0.0007962505879212824,8.707084235484281,0.03771270081593802,1.032791205941321e-05,7.629614919688312e-05,0.0020013007940391995,0.009120778830289472,0.0036074279573415366,3.062816778785878e-05,3.152824844552015e-05,4.212914256500629,0.03536804266958346
4.109160112521304e-05,0.19967850013126845,0.3366812464830127,9.65164262645869e-05,3.2062362440562594e-05,6.244639369795724e-06,0.01696887443726941,0.09645272099633401,0.06873715181065475,0.0004976507764637852,0.0009512242403553932,11.046516007110231,0.008907334808250171,3.543468717035316e-06,6.272737966666166e-05,0.00256831119122585,0.0091818057029552,0.005240448428035569,2.5139611038224573e-05,6.30077053370939e-05,1.665736179585289,0.13737920076305324
4.0362734633213024e-05,0.19346583223310806,0.46401588378229425,8.89006891965801e-05,1.8562251800451996e-05,1.8441223791492626e-05,0.017152892878703856,0.05238153456265501,0.08981583892780011,0.00030911632588919173,0.001477620772507925,2.8771472949018904,0.08774847363293681,1.049626707489262e-05,7.218598010508928e-05,0.0028593007797164207,0.006763893021190037,0.003192762823418829,0.0001754706116639297,1.8417906927465104e-05,2.9647960472924173,0.0027803297520984744
4.74899011421535e-05,0.19523597433768355,0.46620309076893146,8.393998231153476e-05,4.1717335548596206e-05,4.1040209327314436e-06,0.023545253751051837,0.10220667936857339,0.0666579485929771,0.00030425385188953053,0.0005751657807640927,7.600786998208142,0.030585121272340206,3.666938435005392e-06,8.291893709767394e-05,0.0018238254594528272,0.009137717479462189,0.005181529496094273,0.00021609465027762006,0.0007336522778576117,6.864754154396259,0.003471717724883569
4.714369707163318e-05,0.1999913827176727,0.6718712574317014,8.859710504591568e-05,3.335681289242467e-05,7.535077153315449e-06,0.01630169789526646,0.13540879074450413,0.06250771044097325,0.00027982653130021964,0.0005751657807640927,8.662885210377931,0.031318199987756985,3.7348700038244944e-06,8.542490938042693e-05,0.0018332939688237545,0.009154227059657368,0.005519541546327084,0.00013491820587342544,0.0001515244534307483,2.1201275363907115,0.05264332803108173
4.341152572479536e-05,0.1589321535976509,0.6961444269855133,5.955656916897985e-05,3.287493389025636e-05,3.76502509326806e-05,0.005030850382473518,0.0458064727596942,0.04882871521518621,0.0004716183815852806,0.00070584137405655,8.253431719653268,0.05613159312738144,7.329307560986197e-06,7.881625425296635e-05,0.002928372843567288,0.008221498617078857,0.0037735802274875413,3.664686310538542e-06,0.002539831161946893,2.4790277173523325,0.0006570655623781643
4.317069513418679e-05,0.16507731459499658,0.21929053688517816,9.646956433062948e-05,3.019440468997827e-07,1.8576547202179374e-06,0.01227228880576135,0.029865158130303347,0.04502519997931066,0.0005134183798997405,0.0008725708288086611,8.600737912519232,0.00856561285268978,1.78952822924408e-05,6.687505329960632e-05,0.0026372264231230512,0.005889002627677516,0.004422227853946013,3.0178926943837017e-05,0.0025103948082960984,3.918921280286628,0.006769125628533022
4.221053872199606e-05,0.13753566852046215,0.40720046111077546,8.822945367743243e-05,2.103767386496565e-05,3.172075183372579e-07,0.04799873332849057,0.07897770613347808,0.108489186936972,0.00014048410407675982,0.0011742299446008738,6.5409502525074075,0.054194818049939315,3.5361900893924584e-06,9.313816403841611e-05,0.0025025449891941096,0.009893385422448563,0.0032931169327060326,4.673137361957809e-06,3.0977400531959106e-05,5.906116237154778,0.1367857635766193
3.4680558341335026e-05,0.16038845141264488,0.6030969306818031,8.257588847233508e-05,5.710732083591412e-06,9.412081297615501e-06,0.040650649892485055,0.06852922500222684,0.07748565814446046,0.0009254168089084396,0.0011033086589726255,1.7751372327193817,0.18745461650631978,1.0143103614865456e-05,7.574807747616042e-05,0.002759931912525771,0.007212832345115577,0.005599692378257897,2.98465652196036e-05,3.526337907384712e-05,2.1793289261656112,0.03568026712599265
3.28227435433343e-05,0.18963660037021332,0.5555430536905869,9.900246411838183e-05,3.522326276094919e-05,2.87102515943583e-05,0.015246343024296696,0.0270771916278429,0.10113692124374617,4.243655161909717e-05,0.0015045726505901707,6.60781569510255,0.08203502422729346,8.413685191941905e-06,6.7580267307448e-05,0.004998589608517473,0.009928727316865834,0.0033828554840470196,2.2930624860967275e-06,5.929152253283823e-05,7.590417733830915,0.0009739588359378153
4.262714924662823e-05,0.15862491992949315,0.6638511725083579,6.174212021034417e-05,2.3335895363345297e-05,3.59225253933116e-05,0.01686028965170668,0.053128569475713726,0.07074690061345512,0.00028274018794830456,0.0011879493834184994,8.596422210635067,0.02198301717677629,1.5827613894968208e-05,7.347784059085036e-05,0.0034863098007180916,0.008938045696321525,0.002858776059989334,0.00013221646569300951,0.00020503903945794186,7.970184989104604,0.0008075776870781867
4.163152966754904e-05,0.19725602299591752,0.22801716226563684,9.729012422807841e-05,1.0036247335193533e-05,6.358908423991277e-05,0.014452622125060354,0.0429905860261989,0.1067574240374698,0.00035084962369280186,0.000782757712019883,8.591942268690422,0.03507699539206581,4.973854387605e-06,7.256650312436287e-05,0.002932441584319422,0.009078042507014421,0.0036092503837890848,1.6712494923614012e-05,0.002152685485402857,2.957537769540111,0.009926477508806776
3.864286347973407e-05,0.15997926169856214,0.6778616899104443,6.496605424894705e-05,2.2996299676173113e-05,2.4629000442993096e-06,0.018316045832230607,0.0857641899562247,0.09828650127009764,0.00016050369401971918,0.0016638437986227874,7.989600127295115,0.03760943983131377,7.505681818316571e-06,8.411080156533843e-05,0.003610705039242489,0.008107640604616018,0.0028351245693410115,6.488509233371955e-05,0.0020618884727130913,8.588684846000778,0.0007503069502913514
4.259821140414805e-05,0.1998853740858275,0.5050565112260698,8.191664634053884e-05,1.4999950102257612e-05,3.611360577807818e-05,0.016779391465386734,0.10506116543424383,0.10442800689020708,0.00021245270381472733,0.000733331280320496,8.643217243368127,0.03815826783238151,1.7264058696167538e-05,6.848744954070685e-05,0.003327779150491361,0.009844265553600254,0.0031390601381023646,1.1609067054596008e-06,0.00026804040170990047,5.307138743015133,0.0038382363932871304
3.869528993198287e-05,0.14519246260468383,0.7981303899334099,7.166256651224383e-05,5.0849973249887244e-05,3.118701468525556e-05,0.024968735430896883,0.0924507370672917,0.08529842837664788,0.0004906322378798344,0.0006370713170439673,9.25702572322459,0.0222031860684907,1.665557277842557e-05,8.083217426222092e-05,0.004287014101502952,0.009917717756868281,0.003898913994456528,4.385288788333775e-06,5.49277412818548e-05,6.162890772506078,0.0005932129734442579
4.359315962508339e-05,0.18342666430604776,0.6307500324736276,6.769407317732547e-05,1.5022802084683315e-05,5.636785468280075e-06,0.0009933751494457818,0.07924989557448162,0.1072082928021167,0.00023869429134419835,0.0013559426151778095,8.612813885354292,0.0340889906817136,3.7139767541456474e-06,6.985331210868214e-05,0.0019021221431717163,0.009152165584132628,0.002015223248421922,1.576891772110341e-05,0.0024280809067380752,3.4398813068490224,0.0005834585800995982
3.898553076316113e-05,0.14107826570618376,0.7537356785716535,9.792788418014944e-05,7.115173146957554e-05,2.191160903897722e-06,0.0010925809488639294,0.08502909112045368,0.08529842837664788,0.0004750965776556962,0.000635206987334447,9.227133540735736,0.038142247973641505,3.867104689123883e-06,8.083217426222092e-05,0.003474893660789417,0.009977654450752695,0.0019908917110782495,1.2596185066094908e-05,0.00014159007599243362,4.915430873921644,0.05596767974787202
4.0909438931786755e-05,0.161241037294351,0.3758556364698593,6.568213320763894e-05,1.3877650688066855e-05,1.8781133937728874e-05,0.012840643057275048,0.09552648857169574,0.057145942611650125,9.381111853908183e-05,0.0008700629666259183,11.078018633590316,0.0696511557404523,5.523731309092937e-06,8.952674031772814e-05,0.004870475318147543,0.007462869625456434,0.004114055446875775,5.783049071185864e-05,0.0005909098250355222,3.0518805711904182,0.0006844010141679137
4.0909438931786755e-05,0.19857416377303833,0.38041655542945335,7.311943477859125e-05,1.323282221246928e-05,3.195412948780245e-06,0.012619363068482062,0.08743711817458497,0.05710325449235586,0.00023474147478508352,0.000868626090051033,11.521147619274927,0.030771098003379155,1.2132413023079393e-05,7.994150129381809e-05,0.004463943429494013,0.006503455920072664,0.00410958735250548,5.9771670295141306e-05,0.0009983488152881376,2.673367388009014,0.0006742585939316252
4.198297634793855e-05,0.18971625613354365,0.6707963925893161,6.599646175537432e-05,4.762610693685798e-05,1.6302713113490778e-05,0.00337501451434454,0.07672095123138292,0.08391266523487124,0.00011783765085995109,0.0007114545354029911,5.9203613502784656,0.03413887194224163,2.6687688347091635e-06,6.0526097289308984e-05,0.003251537758269587,0.009773418875650842,0.004727905356282624,3.867521589427264e-05,0.0016525620416364378,2.7818867858938683,0.0068689384205342496
4.118491775758208e-05,0.15802640236922955,0.5415463644986614,9.74728009842506e-05,3.1332955610644846e-05,1.933028479232174e-05,0.005050399337748496,0.1012164181360914,0.09571397933699671,0.0003661420550185005,0.0008096108897782226,12.893834122438793,0.01693431091606206,7.5182653026886575e-06,7.459100005262214e-05,0.0028044200375413166,0.007770096440536832,0.002692308254817845,9.930446241978653e-05,0.0008466376181382576,7.068856274938915,0.0064737051752835235
3.7874994479121635e-05,0.1107718228534314,0.5268439304430159,9.973065521350312e-05,4.519128799283625e-05,2.7149852917987604e-05,0.013283175655093614,0.09811954850656732,0.07548790835602623,0.00021775058172516937,0.001068791216720984,13.108491910984469,0.012302131247471156,4.010350929119924e-06,6.039327445810361e-05,0.003166858298109557,0.00970547107679163,0.005487618028896916,1.3741247551949374e-05,0.000185795481617501,3.2691197582232885,0.08973034137198047
4.0214627023506845e-05,0.17640771926998827,0.4461445621233232,7.641847969834723e-05,7.617380965439827e-06,5.035683157100617e-05,0.01933213827994127,0.1303724375642688,0.09201933953317598,0.0001262246118578313,0.0009265625357171385,12.134341609406006,0.03373374055182284,1.7963111178437358e-05,6.871530878069782e-05,0.0031896893930702178,0.00627708068135854,0.005276999723913257,2.452186237199454e-06,0.0008029022349238369,10.235938326942009,0.004910426758173151
2.7065265710431182e-05,0.10855421855034136,0.19058241084234012,9.70908097536265e-05,2.065707932705145e-05,1.1204109843740081e-05,0.03324975345238005,0.07098118921511751,0.08467460727527601,0.00020738841167189354,0.0010546350160524642,10.788912119402191,0.02631740216763081,8.439998823918836e-06,5.256886195634189e-05,0.0043017763778226,0.009897203019160474,0.0018050402637997992,1.3083011759715799e-05,8.087671268901771e-05,4.2601443734538345,0.11273489178532638
4.8039956334580136e-05,0.13646486262910984,0.07742233762605999,8.586918880192371e-05,6.143930084051902e-05,4.071903479584518e-05,0.005810690124425432,0.07944732863711157,0.08458366129053514,4.555633098758124e-05,0.0007978510635682961,9.871619884873866,0.07013350802215575,7.154974046750988e-06,7.722111168843503e-05,0.003916058499971689,0.009855648241177307,0.002689037125239065,0.0004007096084347237,0.00036868668146179895,4.747146320869723,0.004888888577498099
4.6885573325408974e-05,0.18402900433060423,0.03458490174575715,7.119921690050157e-05,5.494761424401133e-05,1.4703629041764127e-05,0.005136327548746383,0.06410369593695311,0.1096553813110041,0.0006381466699614002,0.0005685770561593721,10.218131549516926,0.023478672864055593,1.2136881613693633e-05,7.842675375722028e-05,0.0033338687281221652,0.007706844245084533,0.005044393417870084,2.5102466872875983e-05,0.003154474266210598,7.536755810933835,0.001261806012153221
4.7574644711748725e-05,0.17269184680089997,0.11706904618357464,7.083760267228076e-05,1.0203774571077285e-06,2.0775820998324605e-05,0.0024545353836373704,0.07401062647147906,0.1201652011682275,0.0005252423430018747,0.0006553713424868056,14.80387560499275,0.024572211464833682,1.8489794392702693e-05,7.842675375722028e-05,0.0033338687281221652,0.009783807073185737,0.0017403282266123658,0.0001596883722207543,0.0027039921898144663,4.367542170252136,0.0014525168098079109
4.7485641194682585e-05,0.14201589034696913,0.14278468990999632,7.879751714714054e-05,1.6327524619522355e-05,4.587981784122236e-05,0.008398043364631312,0.08440673324395617,0.12120940789856999,0.00040026443968803213,0.0005055900499502098,12.865882669944982,0.06623765245596383,7.520967830902027e-06,7.054367636997113e-05,0.002289567731592472,0.009521240414763292,0.0021391029142130763,0.00016073544595808585,0.001834862448888513,5.692364126841395,0.0046000870628982015
4.183109734677044e-05,0.17310200603517387,0.07826072880583886,5.488503641910508e-05,2.156832407242983e-05,3.78396589480583e-05,0.0012027419642597573,0.09035562088861805,0.15153747001382467,0.00037954641746361937,0.0006408568934234679,9.675288596356323,0.02157560918052315,6.0040064385057976e-06,6.151182254674209e-05,0.0006520905322520156,0.008962015483197128,0.0020112428636276636,2.633934340982121e-05,0.0004564710441772633,6.953837564514097,0.005884750727349036
4.1042538768620135e-05,0.15457516288996023,0.25920989544020884,8.266679707344601e-05,3.8525773120204406e-07,4.2672602640566594e-05,0.030390721992468967,0.09478520785439368,0.08591561094247799,0.000544951323187917,0.0005943319255444366,8.829471414673268,0.031204907626395842,2.1386683133358443e-05,8.450920435310543e-05,0.002155700801734142,0.009854622983392722,0.0018031358749816086,0.0002965961962673484,2.4502106254565344e-05,5.60886638741442,0.015069171482312543
4.433664504913532e-05,0.1496690820898416,0.12039045199540939,9.515227574366442e-05,3.5329994747316745e-05,5.769084061206198e-06,0.007290547140969446,0.1020428334530216,0.08181608707538388,0.0005045900848221637,0.0011413435564296035,11.45916809919375,0.014834929602115765,5.054614626845402e-06,7.851550145962104e-05,0.00320299486063381,0.007369452156224338,0.0025223015085321606,9.649097945448253e-05,0.00014705593108658947,4.309530669044283,0.0026761433437568613
4.26704343233599e-05,0.1798991643822256,0.019614117081241805,9.00142175627213e-05,2.1553227634393548e-05,3.5742309452913677e-05,0.012514332640384053,0.0610212953676835,0.10574666599134229,0.0004932073088608534,0.0006408989153730669,9.821333859523083,0.03923029194528203,6.052233009846834e-06,6.33368402785045e-05,0.0032014177563988366,0.006610403025374358,0.0023058324746954573,0.0001999764577660451,8.564698744569551e-05,6.813728142123044,0.00673916935867222
4.180599535693646e-05,0.1770215650211207,0.06326400618221803,9.976805753911545e-05,5.019275686433495e-05,1.6720207114678685e-05,0.00366341598421094,0.08257419475310497,0.06028047973642848,0.00037853113366256174,0.0006877528706177771,8.157687811931245,0.038328440003328836,2.5450974139029907e-06,6.020885342193454e-05,0.0006281611861001435,0.009866892098136864,0.002947285958832113,2.2884810178143136e-06,0.0004548193027641453,12.03583902090886,0.005692415409318525
4.088382594388894e-05,0.17340505186149271,0.17859987364039398,5.492497953951263e-05,2.156832407242983e-05,3.289782487763592e-05,0.002460404374480483,0.09486604783813722,0.09669508014718686,0.0002622584199980385,0.0004632368694785095,12.2678606144107,0.02165396237051998,8.887014442197224e-06,3.844444024334242e-05,0.00010712475725715065,0.008267167159024775,0.0026415324252049618,2.870042888003445e-05,0.0004564710441772633,6.953837564514097,0.005884750727349036
3.55243876496861e-05,0.17254709839318783,0.08106029405526288,9.235350043398458e-05,1.999765494503742e-05,1.2126467701288006e-05,0.017988722781570796,0.06437029519834143,0.09835549046324493,0.0005893654147499839,0.0014765457087326558,9.799668561549844,0.007072545262095579,5.7932214749159e-06,4.860468424967401e-05,0.002618764012080068,0.007191962812223454,0.0025854482486646563,6.235594010054204e-07,0.0005716382075259865,7.212759280415409,0.006879487937428342
4.7287670659794325e-05,0.14859569276906645,0.46162674783599483,9.842153262227643e-05,2.2356421995693768e-05,3.963419510112957e-05,0.011058603410798975,0.10384145649040327,0.10398774405401758,0.00013981279697830638,0.0011378556726924826,8.733807088920882,0.05503622589636699,7.669818511915351e-06,7.9070681827337e-05,0.003573901024426348,0.00763044158533201,0.0038173195579355537,4.3522393936196524e-05,0.0005794012515626637,5.993273659786316,0.00853548929710513
4.723397732612871e-05,0.17988228216686572,0.09871585804676386,9.392855475292221e-05,4.182818218125616e-05,4.471708600330699e-05,0.008016581812811813,0.11390263822512328,0.10173569113158909,0.0003479896383911725,0.0005117892773110323,10.78013726235402,0.012540416246598022,9.787908154756413e-07,7.535682261000384e-05,0.0018778680629464434,0.007543364174710898,0.00313378059652991,0.0002636329349866469,0.0001812459245605275,1.244930572286921,0.08775181993470962
4.2833896365922555e-05,0.17693810888791112,0.11101810124980126,8.426149981697768e-05,1.1347461641566323e-05,3.585644668650318e-05,0.0030162407763640858,0.04540276269515283,0.0936792419717666,0.00038029009258566606,0.0004651685826013454,9.93413689154793,0.02765021526606655,7.4459815791121825e-06,7.926881116280663e-05,0.0032290321979366104,0.008729413082155538,0.0038698475400508426,0.0002004863091007002,0.0009850231585879171,4.627056093970467,0.006467575544943467
4.032061381791691e-05,0.14905776197108553,0.20233616157131407,9.189634830250701e-05,7.406878901322937e-05,3.0335432048628272e-05,0.008370730933399323,0.10692942026126505,0.10272988059833972,0.00028343980563558794,0.0011673757077468557,11.027205987820123,0.008527272503711722,5.973112351087603e-06,6.792682825256515e-05,0.003176172613910573,0.009941698978727136,0.0011500282643513082,0.00012028372818548304,9.57274694209688e-05,3.9094464727931246,0.0831954291985777
3.144083192948371e-05,0.19524977701298996,0.45778277689462227,9.978106639595435e-05,2.6808320844805312e-05,5.239939688917992e-05,0.026927559337197066,0.11091817716965655,0.0879555833465234,0.00029397545305377855,0.0018670163137989768,7.881264812573629,0.015563454161198679,8.930626000178858e-06,5.8233606281607576e-05,0.003904093173571056,0.009486147256970964,0.0020627861971638374,8.343058367817825e-05,1.6745472318284411e-06,6.723275786248898,0.021180619250450183
2.3794428891257073e-05,0.0693529848094125,0.1404709723379282,8.25148754146566e-05,4.386557478134328e-05,3.167311201692466e-05,0.06844734655862557,0.12400956977905346,0.07344390520042626,0.00046625541587174465,0.0003816930357656333,4.3256166671065905,0.04526642755847329,1.1928095399527103e-05,2.4693566501411098e-05,0.00045576820782096357,0.009961189692931091,0.005058632038647108,9.304554366262233e-05,0.0016860834685201252,10.654128918884684,0.0030617709335617653
2.3571957836576827e-05,0.10719215843259428,0.237694807208004,6.967248429306376e-05,8.39252894470655e-05,2.6925093693026028e-05,0.06192335214960044,0.10514582365412291,0.09447681383492791,0.0005295287000323745,0.0005193647171744991,8.299315530154953,0.014671008471155482,8.437695640412807e-06,5.8597685212442045e-05,0.0040816930436428185,0.009608694172560814,0.005954285737393987,0.00013251162904635944,6.637955246894675e-05,7.315795605335189,0.003973774071357468
3.638950271032413e-05,0.04637590829919493,0.11366389224847162,8.489867104602028e-05,3.7214702906788215e-05,1.4827536995730778e-06,0.04021169482278543,0.10410257854463352,0.11100034137727266,0.0006463596765260044,0.0005782906171525565,3.8854182485302755,0.12474210181461547,7.610390336189403e-06,5.9208461356891255e-05,0.0027416315521107382,0.00996831931704399,0.004699537251843508,8.015831494592986e-05,0.0004914913056062675,12.637162139040047,0.0016984153951995844
3.618648910771298e-05,0.038428791384052335,0.23444888403224268,9.737819990008652e-05,2.1027168529891825e-05,1.533968136537019e-05,0.04185117366853467,0.10135398567365922,0.04002397948979156,0.0006253062675044081,0.00021738620623748718,5.106773674477316,0.06471988308866672,9.923301103837748e-06,7.589640064393339e-05,0.0041821140938217895,0.009871050063150406,0.003369875106499826,5.746351160882592e-05,4.7247052231950526e-05,7.817761200587155,0.17264907881114716
3.382100229443651e-05,0.11908999205263736,0.29822613731712144,9.098638014034571e-05,9.187059839349186e-05,2.8711601748067506e-05,0.06572157592190853,0.11598094612907545,0.09246478093180617,0.0005861463691501387,0.0008815675614042058,6.511131306893356,0.014671008471155482,8.422890384914114e-06,4.7647322248089554e-05,0.0005189427105381202,0.00916110218473884,0.005411547514075344,0.000234187374624105,0.00022622552639913683,8.655323565753807,0.0038398554303782917
2.85059115470746e-05,0.059082153299786076,0.17220516424706145,8.456571300501277e-05,4.470503536440727e-05,1.3264344477333648e-07,0.04021169482278543,0.12529941455137344,0.10621443187651067,0.0006461109764567456,0.000587567126879757,3.526424948321034,0.1428646670475263,7.479459875331303e-06,5.9208461356891255e-05,0.004614903225747063,0.00859489811836712,0.005782297995910247,0.0002914854602355329,0.0004914913056062675,12.637162139040047,0.0016984153951995844
3.250567914095199e-05,0.11490723847692205,0.21874510090978222,8.948755951390262e-05,4.7504774088700974e-05,1.3389527019193626e-05,0.06374589309943703,0.11616929624507591,0.09113695987409176,0.0004981128655248998,0.0012832790164235054,11.005585762426819,0.006740122627193884,8.422890384914114e-06,7.465371215899886e-05,0.00418186621417919,0.009924383323607554,0.005250846661623297,1.1024317581168538e-05,0.0002179960911576617,9.551240612869854,0.000539506186561177
3.7824110771667076e-05,0.07410454534072464,0.11048946209662266,8.50656354815694e-05,4.591272989552139e-05,1.1515092218113504e-06,0.025628322244641524,0.07945138459002854,0.10839870386980781,0.0007649882349423933,2.472359077213847e-05,3.9027989436202573,0.10031445912086635,1.430006888066189e-05,4.347470441209217e-05,0.0008380632079379312,0.009933835803661232,0.005392448984416138,4.569704964314427e-05,0.0004914913056062675,10.73068012395093,0.0017044799679989202
3.889592618136203e-05,0.006190083186591717,0.10596218940976948,8.757330139443737e-05,4.422517169792411e-05,3.911835983360595e-06,0.052298283639357436,0.12904346968413782,0.13279895547774026,0.00034509164756576117,0.0011596555024617403,2.204740736490548,0.2615303280194586,1.0052006923332623e-06,7.869340334557699e-05,0.004001233787989235,0.009978595954091216,0.005239531382452563,0.0003542419185331503,6.774145062978055e-06,3.0361388077499076,0.0009378569589256858
3.638950271032413e-05,0.025701149287177597,0.11366389224847162,8.15002924576505e-05,3.764126552310097e-05,1.1141604985057728e-05,0.05561243307758036,0.14087123471384244,0.09242030711277009,0.000612999337408016,0.00048634243478406066,4.330860734731323,0.05162249377565091,1.620621707116268e-05,7.033683796196408e-05,0.0027522005491968093,0.009138684225175251,0.005911679122747731,3.15337640395845e-05,0.0008184435001820691,12.382035070787179,0.0021063496536492705
3.653491711122897e-05,0.04637590829919493,0.11015198251241717,8.30915092213742e-05,3.7214702906788215e-05,1.6101169052137831e-06,0.0348432398135735,0.10410257854463352,0.11100034137727266,0.0006463596765260044,0.0005782906171525565,3.8854182485302755,0.1189709279261806,7.610390336189403e-06,5.8516016321680024e-05,0.001781125725465182,0.009977105927635208,0.004699537251843508,4.026216225398671e-05,0.0004914913056062675,9.83446045908764,0.0006836592760336444
3.364032175083287e-05,0.1191532498507101,0.07386277632217739,7.2648972686766e-05,2.645164742851127e-05,2.4867275071685487e-06,0.06222888408736694,0.16195551865401736,0.11100034137727266,0.0009446703293774567,0.00041118584114427375,4.103342923597805,0.12870071904723776,8.546884954414188e-06,7.814963136999265e-05,0.0015643808449366883,0.009593949305499703,0.005742741250862986,1.992156423557615e-05,0.00010886328419872773,11.54490647151917,0.0008054472037281521
4.9158404135600994e-05,0.12397329216608735,0.5757561444215977,9.609195596167616e-05,2.6479929128328723e-05,2.7721742805029055e-05,0.00045072024583476655,0.09150453177043119,0.08357909171756152,0.00033952977676313437,0.0009786034429548794,5.842143025448877,0.07822602557801028,5.108815489316285e-06,7.120571803002035e-05,0.00136629974018054,0.00910867252008321,0.002262559234000153,0.00017259380331927172,0.0004117652953204798,5.934644420141039,0.005426077344072496
3.986357831142135e-05,0.08985721935925578,0.2407880849968277,7.772546587177068e-05,7.941573341579481e-05,1.3399474596019268e-05,0.04558019469800452,0.16192985058797385,0.045733055902077116,0.0006838006230400369,0.0008277677942682327,8.869844848736653,0.005719121082039261,2.509716958602658e-06,8.063157451273027e-05,0.003661052795752401,0.00977244678623898,0.004791587100850257,0.0001275707970119702,1.9523498785743132e-05,11.601999729021504,0.12202085345710614
4.286784659633923e-05,0.06619278420271049,0.366921285442726,8.368985243798172e-05,1.1324351418042915e-06,6.726563247767777e-06,0.028094844866907078,0.09797644260757155,0.08757504016104745,0.0007588513242039079,0.00038336847004850357,7.453100501289865,0.1293060828036324,1.4882486468618353e-05,9.854488602926817e-05,0.002128888053004947,0.009836737338334439,0.005941941157806688,1.051899945861367e-05,2.991380219916995e-05,8.616831928030575,0.043272936105062734
4.784885357502771e-05,0.15036949676107805,0.3383727185665104,9.19225256049183e-05,1.1324351418042915e-06,9.73551087823462e-07,0.028094844866907078,0.12136778627368594,0.10102817601764776,0.0008600386797893221,0.00038336847004850357,6.886888740107245,0.050749317621463376,9.12824888911225e-06,8.44826279767469e-05,0.0009732752771945583,0.006410045895552145,0.00487652806716668,9.020439695262293e-05,0.00010188914708591712,7.016501772120741,0.025735785585847916
4.133111128716069e-05,0.1384506240983676,0.30866271634031694,9.903059082744843e-05,8.476554809588955e-05,7.2882063980190765e-06,0.03354625979095701,0.14331389598387992,0.1078166797198486,0.000508406438640053,0.0016645537433585252,10.896357053395096,0.008308663205978353,2.170853816075353e-06,6.509825975967212e-05,0.000610495920596881,0.008207511946772219,0.005550526031908668,4.983485218779685e-05,0.0009762174245468863,9.659878870947667,0.004848812240065595
3.4021137812433806e-05,0.128449627932074,0.6036368723968246,8.231007368595754e-05,8.112089021739656e-06,5.631224966735027e-06,0.05829159751876484,0.13118169159730994,0.024025721151713697,0.0006808814688241169,0.00012354723161971836,4.017458875620617,0.10323499808319916,1.0825899472854425e-05,6.766325357615013e-05,0.002480616976595458,0.009294210540625632,0.005677889760673205,4.4129809249361746e-05,3.3228811806085057e-05,4.867003270376502,0.14139565218949368
4.1553383587678656e-05,0.14497118122475575,0.7154755143777705,7.728485121932421e-05,8.675466216309849e-06,6.265433238449085e-05,0.057883141377382666,0.16248346871288788,0.06221589275543112,0.000419006229588891,0.0010071665882483462,2.9710110147118716,0.16411066699373203,1.1444603377045766e-05,7.622214750636094e-05,0.001358391883358719,0.00961007257128597,0.0056778565668015495,3.143797235778287e-05,1.833092062937329e-05,5.192803227876425,0.0933612895365143
4.659217393916558e-05,0.07128500488225079,0.6244538532860071,7.636369167370148e-05,1.8226887039683105e-05,4.148917544566413e-06,0.04392533848013469,0.13255900142925509,0.059510116949054476,0.000649435526560402,0.0007499035295249722,2.0663163382003384,0.08789116216171385,9.165280509570598e-06,8.995757343643554e-05,0.0012672282195013533,0.00980611468032698,0.004702220338035438,1.122717570387822e-05,2.0856158101096246e-05,9.780450003981978,0.16775798421016722
4.781004068644015e-05,0.016902471173368346,0.7462180027786025,9.138651669896665e-05,4.250210982962342e-05,1.4525499580777867e-06,0.004514027885957707,0.11731275824614339,0.061789809550464675,0.0006366385776821834,0.0008844135596530279,3.7817380782129537,0.06608176870931418,3.0994047787778923e-06,9.694730233432459e-05,0.001294849096657199,0.00991504093316625,0.005500450824922144,9.226211172960513e-07,9.815530152415299e-05,10.920087611996994,0.026679221557235358
3.7113513660150176e-05,0.0643765853949056,0.4046359364795731,8.227824323698398e-05,1.8157939427843888e-07,6.63434394968916e-06,0.02686070141138238,0.13712417520357234,0.0587043979154753,0.0006735630733392034,0.0009051283281999007,3.6078640415206715,0.05617858262327086,1.4964238451643712e-05,9.192390270466706e-05,0.0050108092699638965,0.008218437545332184,0.0049494567897460755,5.887930071120699e-06,1.3390673929007088e-05,6.509215872029885,0.1684136922908656
4.4610407695231e-05,0.10162515409501988,0.08164944999536296,8.180155581230185e-05,1.2311388160269897e-05,1.4483515276217206e-05,0.0018761612474514611,0.16371104471211925,0.11798812343436892,0.0004273082802186875,0.001302475229946212,5.346285600752873,0.029392516793940008,4.044422929217656e-07,7.699350667966296e-05,0.0016686330705549394,0.00995403692293973,0.005377436281869453,0.00023642752195226281,0.00012906724541149927,11.87316251027265,0.000508478462045249
4.711789331561983e-05,0.016902471173368346,0.0831812553904645,7.994006461601491e-05,2.5752030906977796e-05,7.296625306407602e-06,0.004387206212804567,0.11329894864594514,0.05169858250743217,0.0006366385776821834,0.0007387878408742267,3.7817380782129537,0.06608176870931418,4.744640598829841e-06,8.501796610124698e-05,0.0012938909146580752,0.00991504093316625,0.00599411240017613,9.226211172960513e-07,7.940712300103767e-05,10.920087611996994,0.03161127637882749
4.466074556303869e-05,0.02738926121208101,0.3940401537347374,9.439306902597283e-05,2.3967762623198684e-05,8.979364857362042e-06,0.04760859330137962,0.16785314803731924,0.09084467381054362,0.0007829277747537987,0.0012831733530565246,2.740422621045966,0.027454553263691506,4.721153612078636e-07,7.714299760462888e-05,0.00026560384350588883,0.007131103284936715,0.005765012130884385,7.193482833614556e-05,9.816753670857527e-05,7.385829970974568,0.0107642012139775
4.772995818746871e-05,0.06379039422175664,0.0446258382662474,9.25966914213936e-05,2.2116541743120995e-05,3.2178596177866345e-06,0.00013847443104538816,0.15818277521105892,0.07990197886492702,0.0004641844076712072,0.00032169508482852885,8.860162442871122,0.0715609576973964,3.8599905885425556e-06,7.842795334393339e-05,0.0034417084293156502,0.00999552871025189,0.005953113407294198,2.233958363341379e-06,0.0001807634914187846,9.749281257527677,0.012312014459609702
5.135186635652241e-05,0.16195241316938136,0.14431120418663054,8.127358799226643e-05,2.4659798502927918e-05,9.584833120218808e-05,0.019082945297325918,0.10475443668423998,0.11725044932892832,0.0005282741970324058,0.002022083615921368,10.512188772806242,0.006355515893987673,1.5047266908138596e-05,9.987000316793291e-05,0.0007076634766145947,0.009198121648205921,0.005833603962806665,0.00011077358017576052,0.004455185534504384,7.185499363472095,0.0020045023772807917
5.132530538141633e-05,0.15556782247001094,0.18279478922330922,8.309451650000952e-05,2.5530801698058072e-05,9.48962869200775e-05,0.018125297381159398,0.01632864224298214,0.10496312113595233,0.0006925083864116142,0.0015022108346150907,10.172799547181391,0.00636431096520592,8.2287586362211e-06,9.993384554467468e-05,0.0012294546050303967,0.009198121648205921,0.00457236575128039,0.00017421549667134245,0.004852533446808078,7.0856925610857395,0.0010646986267099903
5.026936221779483e-05,0.07105479391071057,0.5597684283237632,9.821989717856031e-05,3.266462340648929e-05,9.064804449096407e-05,0.01602911043202096,0.07185972446616226,0.06686120933650441,0.0006971902132516165,0.0014684700246930303,11.000551230369572,0.006355515893987673,1.745756293923385e-05,9.991936351543175e-05,0.0038870304384455677,0.007600394412095717,0.005763718957004476,3.79744884808831e-05,0.00010300426991381105,1.337031056334891,0.0020494454996292516
4.652354024383481e-05,0.14418671578378822,0.11379028037172884,9.773857537348703e-05,2.381361020160572e-05,9.084286551742274e-05,0.033959397179464806,0.08847877143334704,0.0955395799621965,0.0006184677384538622,0.001027301954902148,11.785205802303791,0.006861390087007133,7.89205456915277e-06,8.508255720863508e-05,0.00011971608305715221,0.009395147367866449,0.005887628770441272,7.6504602275974e-05,0.004610643949789851,2.5086143912342767,0.0006024771725339416
4.652354024383481e-05,0.11635623546954524,0.11817164757863621,9.930920935223755e-05,2.381361020160572e-05,5.991705707744487e-05,0.03440004759925719,0.09803771132253625,0.10279633385059876,0.0008633158798805629,0.0010099959461719514,9.801013354836032,0.006861390087007133,7.89205456915277e-06,8.508255720863508e-05,0.0005058943583136303,0.008894208105174304,0.005887628770441272,3.7260645142670804e-05,0.0049651582007270816,2.5086143912342767,0.0005274815060350802
4.707200454451817e-05,0.11164202966020598,0.005853371487501188,7.618821877789093e-05,2.4010141930481872e-05,9.131259567592304e-05,0.02147875321991801,0.08847877143334704,0.10087300407634009,0.0006184677384538622,0.001027301954902148,10.82620087811975,0.007382767818122489,8.218810229119252e-06,8.219995637387196e-05,2.157519955201304e-05,0.008560227476532928,0.005887628770441272,2.643969788660185e-05,0.0036691986721486144,4.9584032663069095,0.002086178362018628
4.652354024383481e-05,0.05857127171962673,0.10417260404082747,8.926047821412514e-05,2.3850225222660055e-05,5.991705707744487e-05,0.04166822301244927,0.09803771132253625,0.1080199730837922,0.0009061171850217414,0.0010099959461719514,9.342886953006358,0.006861390087007133,7.89205456915277e-06,8.425267022218388e-05,0.0005058943583136303,0.007555426809029212,0.004600711771345816,3.733349151024968e-05,0.004897160730086193,8.490243177374152,0.000506544768077156
4.846961077028701e-05,0.07105479391071057,0.5635075848432103,9.680615385670921e-05,5.255937859616411e-05,7.11340096429889e-05,0.018623000776453815,0.07206398953364192,0.06686120933650441,0.0007493615822745168,0.0009663723073975011,11.693616630277855,0.006355515893987673,1.745756293923385e-05,9.941668993354833e-05,0.0028640419598403278,0.0076008503599148194,0.005920269363971056,4.107681854095043e-05,0.0004319468105683415,4.663928491006447,0.0020357836547828926
5.379114072315547e-05,0.16379090577607197,0.055372026578092606,9.74280125496728e-05,1.650486129666033e-05,9.993300172518191e-05,0.00402261719711676,0.11627518733533233,0.09138959685268094,0.0007162047272768915,0.001027301954902148,11.569570576360832,0.007382767818122489,8.218810229119252e-06,9.28501847276031e-05,0.00010809480644944226,0.008268833617642428,0.005344197900008477,3.831170744630958e-05,0.0038275848480463087,3.5970434164616893,0.002086178362018628
4.652354024383481e-05,0.11818649206579106,0.09929856674635301,9.930920935223755e-05,5.1396487917127845e-06,6.282207922371589e-05,0.0390135474627438,0.15790460653124055,0.06625040413621802,0.0008593280392567807,0.0015028307434272821,10.551679925071383,0.006064818012022534,7.89205456915277e-06,8.508255720863508e-05,0.001350452016911173,0.008894208105174304,0.00593299961433248,1.842580721804349e-05,0.0003747697268462981,1.3157959751369872,0.0005267939861813752
5.026936221779483e-05,0.18099924869099868,0.14035866506342037,8.328321622073241e-05,1.3844763981078653e-05,7.13883181732314e-05,0.018056316478205128,0.09448261473894112,0.1053340308020374,0.0005509018227734733,0.0009131085828883839,11.323395432850724,0.011779323760697746,7.891781718991618e-06,9.761911501534504e-05,4.654365547343491e-06,0.008118217604826863,0.005919024816573521,1.1221769425205911e-05,0.004701718024248509,4.96490180587724,0.0020522421053170044
4.3112302660853536e-05,0.17946383650652384,0.09527667945840965,8.742891731301158e-05,2.5356870839809213e-06,8.977682720341315e-05,0.03689011838601655,0.09411030301382663,0.09106630442436273,0.0007615724162536945,0.0011493857091647555,11.569570576360832,0.007382767818122489,1.6579556031743268e-06,7.881781177714694e-05,7.280556905436239e-05,0.007546715757154432,0.004705948390158271,0.00015254156348089296,0.0038275848480463087,3.348402991819645,0.0005838881205492974
4.652354024383481e-05,0.07233922481211436,0.09007819201728029,9.81799526669739e-05,4.2622342775685385e-05,7.298573779128078e-05,0.024721104302220433,0.0710258295233628,0.08621300722765683,0.0007151246941603036,0.001003594681646859,14.134596484321502,0.006861390087007133,3.1395662724925264e-06,8.21118017030124e-05,0.0002623081408559978,0.00975487678527381,0.0046251422866748,0.0001613869439212674,0.00499927089523266,3.9915767936097337,0.0005107993741423299
4.652354024383481e-05,0.08071124228074691,0.08955414179845088,8.55856638467347e-05,3.364258696605103e-05,7.572760770438803e-05,0.03510806439148542,0.07069791752507798,0.094918347775528,0.0005607106995618653,0.001003594681646859,12.450257175088343,0.006861390087007133,7.026793880272057e-06,8.305720219114747e-05,4.196198411557709e-05,0.009968384489480718,0.005497561890329359,5.605968019032408e-05,0.004280745938057532,6.249895032882604,0.0021261869633763426
5.054882932027469e-05,0.17797330145328866,0.0004922167946788901,9.944264571021493e-05,2.075431731318e-05,8.140902671416462e-05,0.019569627590123113,0.05106243073745725,0.11809009521781147,0.0007461068884125117,0.0014334800470148506,9.47855455568602,0.006820241520943999,1.277294374183676e-07,8.564556107461484e-05,0.0006067098250325827,0.00945137265858442,0.004762821054292381,0.00015272411055135756,0.0019826222593895856,6.9401430272859805,0.0020072318693410978
4.636951327659979e-05,0.19283467836107934,0.04684034898349641,9.994624083066407e-05,2.6857476268580154e-05,9.812211884735758e-05,0.02338564145222536,0.07214728856501373,0.1163623888990277,0.0006238269628933751,0.0009355032037229085,8.523404706862815,0.007531024208173011,6.7321555737640985e-06,8.188599772947977e-05,0.0036346259049224163,0.009051470184194712,0.004667785515267954,0.00037155235305694656,0.004891673153973083,4.969267468670287,0.000510407130401035
4.6052780764489925e-05,0.09556980194759503,0.10628475302459409,9.973815023300156e-05,2.6618739044527e-05,8.51905887160866e-05,0.007033379486236586,0.17928978489663897,0.09338467806624046,0.0006729120221202052,0.001406643316577556,9.905662052182885,0.008801713285867421,6.916040173568178e-06,9.102141192291975e-05,0.0033339990539946705,0.008060609814213533,0.005961588302493223,0.0001447099450760075,0.0049642129205666055,2.2442531665966223,0.0005123626759298555
4.698608377649031e-05,0.19435525483193192,0.007287269741728455,9.745890309304998e-05,2.4924813508657675e-05,9.079383834709182e-05,0.006624876540813295,0.09103336725183493,0.11231318345589543,0.0005866188258250738,0.001175822583734323,9.522494073747264,0.0044418639648329625,2.7152517606761284e-06,5.1216939777755147e-05,0.0014095106190653989,0.00934559537090777,0.0047385295373337044,9.160608067898201e-05,0.003368930592189871,3.9040478994013155,0.0007180660438545899
4.094208125719898e-05,0.1609714496062234,0.41064721960442296,6.754244140957938e-05,1.1690839175736052e-05,7.296776181182198e-05,0.014244390803796532,0.11690313328770009,0.03197665947758505,0.0007038510760654198,0.0005237083493492197,6.372315583699528,0.052416249792498176,2.8510293472581373e-06,6.796341956021445e-05,0.002727906503671081,0.009845349232713605,0.004365265052939471,1.2703383550420496e-05,0.0007927489421080859,4.165852979336849,0.0020531478596260235
4.2731791419481356e-05,0.1946059557309727,0.05107948981445189,7.711030719512704e-05,3.109112032237132e-05,3.9539297887777205e-05,0.018530884304305405,0.11219719888112976,0.10462917541432,0.0008001058107528819,0.0013444205202590557,9.534654645449153,0.004372683550453085,7.711069156552785e-06,5.8758854909849736e-05,0.0016414061098295818,0.009081120457726551,0.0038691809702625203,0.00019657253236298375,0.0028798871637940125,6.985270234955581,0.0005181169291650243
4.694384794133807e-05,0.18426650122893828,0.13588083573610135,9.711646988270963e-05,4.253810025035659e-05,7.205723371981383e-05,0.018623000776453815,0.052100730187027336,0.08935495159093136,0.0005512105937178271,0.0012729580193084364,10.44237751315763,0.006355515893987673,1.0679085252944956e-05,9.635990219368395e-05,0.0040785117778378045,0.009237726838008286,0.005922363710413996,0.00010070148809214024,0.003844409920729138,4.285232939444218,0.0017627327975178416
4.268337269140522e-05,0.17750911083933993,0.0019711111732599526,8.485265713242013e-05,1.609197086835456e-05,6.558403132460669e-05,0.023837446597349606,0.09655071450844155,0.10602225375917818,0.000922945580669835,0.0014121312519122283,7.505828555721042,0.006834662624951574,1.8875493452142787e-06,8.39666000809384e-05,0.0011762537103341374,0.0068570734376887,0.0052927704478208494,0.00014184077053124646,0.0034707425328186717,4.819522412326773,0.0021146021923124296
5.1416746050694784e-05,0.09436603102752478,0.12786936857488532,9.83318336368289e-05,4.2622342775685385e-05,6.45366379976764e-05,0.024734487528496947,0.0710258295233628,0.07291150948864548,0.0007151246941603036,0.0005815919523741078,14.742026565271937,0.006878984375009899,9.468518231221108e-06,8.212353724667139e-05,6.904326905033884e-08,0.00975487678527381,0.005351484491016321,0.0001551897159187057,0.004874455770901202,3.9915767936097337,0.0005814466074051258
4.715066808914632e-05,0.10613992476700024,0.08849881550839325,9.61457391966451e-05,2.2907033757738822e-05,9.529162006334628e-05,0.024088096534559792,0.0710258295233628,0.12439877504972559,0.0007179618397611679,0.0009999455151746602,14.688830860762641,0.006861390087007133,7.089469720023727e-06,8.69600277465115e-05,0.0002623081408559978,0.009704397400086148,0.005143318169127552,3.979666162420578e-05,0.004866354107538555,2.769262532625308,0.0007147779764466733
4.927957579318482e-05,0.19616460508120198,0.10049015850522956,9.993301686168366e-05,7.202199162805405e-06,7.080122661171227e-05,0.009414583124997308,0.0920704293319706,0.10051642672344915,0.0007480757150112086,0.0015139354880315942,10.71239317502741,0.0067660455297686205,2.226164448292605e-06,6.69157455813813e-05,0.0010906140625158804,0.007752385858699739,0.003405565339178004,0.00020778399052980473,0.0044151943177721175,10.867403389266933,0.0006009327156280435
4.878057605940665e-05,0.10613992476700024,0.08849881550839325,9.656087054239049e-05,1.8847505608754155e-05,9.743500001647883e-05,0.03599899222881074,0.0710258295233628,0.12487130786910311,0.0005847974824379914,0.00113912789146661,13.718587215893905,0.006861390087007133,7.157842986318745e-06,8.509442000864834e-05,0.0024417781748433225,0.009712290422542874,0.005143318169127552,0.0001204730899548023,0.004900353077887313,2.769262532625308,0.0007147779764466733
4.3579056087719244e-05,0.16982169923711646,0.05107948981445189,7.733364854255409e-05,2.9986808448444732e-05,9.600358545914474e-05,0.023622126126484577,0.015129818723454931,0.09437846786212806,0.0007827109323535154,0.0013444205202590557,14.303598587390365,0.004372683550453085,1.9998506540264012e-05,6.847790608328157e-05,0.001326851679670678,0.009081120457726551,0.00545264293525742,0.00015110726378663884,0.0028798871637940125,5.986521362536501,0.0008188618454324229
4.5760045310721994e-05,0.13842216761273504,0.08895874096331896,9.995560259607791e-05,2.4774486659648693e-05,8.937695835315777e-05,0.011805209905749951,0.12729450056196753,0.08224105546460478,0.0006264100886575198,0.0016582451031914767,7.351724562089484,0.009945367637780544,1.6910016071324023e-07,6.53508934228005e-05,0.0013649140060957646,0.00984215588745092,0.00578153192669456,0.0002948336028093209,0.0006170255513187463,3.6815896865854842,0.0007296006672573997
4.9232647530704795e-05,0.11243921532923891,0.5327554466444984,8.127046940358298e-05,1.480737233464502e-05,9.456662133690608e-05,0.029004321441871803,0.1126591378282037,0.05737693306504004,0.0009666227251200161,0.0013616757833184827,13.954976090036855,0.005640590174080551,7.85534140240125e-06,9.851404193733551e-05,1.0806542730197512e-05,0.009835161612020752,0.004442593456224207,1.9490544532131698e-05,0.004733995134038278,2.541349812520153,0.0019377776377070741
4.5760045310721994e-05,0.13268187537525647,0.11592422854789616,9.65209185579353e-05,1.9295771958975974e-05,8.772882271925238e-05,0.037912385764139835,0.12729450056196753,0.07669802462118888,0.0005357300789539569,0.0016582451031914767,7.7007992317620975,0.008657659278645778,1.6910016071324023e-07,6.211090827217644e-05,0.0002463357133533703,0.00984215588745092,0.005176298601274235,0.00018920672577350242,0.00014224231364459171,4.820056344931442,0.016704775454445497
4.271469688751785e-05,0.16381305741511235,0.17936424453085392,9.579864416740074e-05,5.8248338739173655e-06,9.745630319383211e-05,0.019637387012368775,0.05160948818106696,0.09831469695415199,0.0008481499485669698,0.001461511603565184,7.523013890009601,0.005704143155381781,8.801380249554169e-07,5.1871022991165834e-05,0.0006626884046526866,0.009845477544089001,0.003361172820458634,4.766705037172517e-06,0.0003901350495624997,12.805988676738572,0.0008473665454272022
4.878057605940665e-05,0.10296683976797129,0.08849881550839325,9.652427044019393e-05,1.8264343999524483e-05,8.166831126255159e-05,0.026843758286714488,0.0710258295233628,0.12487130786910311,0.0005847974824379914,0.0011444543863700248,13.718587215893905,0.006298524425501842,9.311251062260953e-06,8.509442000864834e-05,0.002683340787813812,0.009119648504273195,0.005143486331405565,3.1792613455056457e-06,0.004646007583369348,2.7905382007793262,0.000713403738533889
4.356666207608008e-05,0.1538014471079483,0.647660445193118,6.931682789536653e-05,2.361093448493801e-05,9.401211312627119e-05,0.021698544921171913,0.11476454064337852,0.09586355263503997,0.0009297680950568748,0.000975101948096332,7.863581412366425,0.005704143155381781,6.3548396067292695e-06,6.285385475881161e-05,6.462251139991129e-05,0.009767443292168075,0.004362025419847262,1.658264215558796e-05,0.00013365377162858098,9.651192328012238,0.0008454751282979894
4.626687026901073e-05,0.10873297745623142,0.2385263847909132,7.921510373900646e-05,2.6926475990473944e-05,8.508980462671542e-05,0.03643691298731955,0.06784375437008167,0.07589558233061383,0.00044960611366496564,0.0020211642579983815,7.68291345602589,0.008621138276374044,3.76087072529924e-06,6.383836076298721e-05,0.00023357263061731014,0.007543228513445708,0.005959400211866584,1.552768612235811e-05,0.00013043439847180462,3.655017809562975,0.0005244715430158663
4.6435426014091156e-05,0.1508989994936347,0.7583921665714106,7.858696858089622e-05,2.4756637977700937e-06,9.585080356121228e-05,0.017297991094164474,0.1289528734756604,0.054456303579727985,0.0006132337557192008,0.0001976937608801168,7.346635002587698,0.27080941365905775,2.161482188365348e-05,5.664386028988094e-05,0.00035179723468641645,0.009912946189659246,0.0052536264677590944,0.0001957196384206339,0.0037555525340742975,5.704217766648992,0.0005462506178583594
4.2731791419481356e-05,0.19859383493385874,0.0930893949745371,7.711030719512704e-05,2.7990796150154224e-05,3.9539297887777205e-05,0.0024603295746783095,0.12136425791943109,0.10538838079235452,0.0008534873678264062,0.0013444205202590557,5.347314515004928,0.005678998542906006,5.767308961207051e-06,5.8758854909849736e-05,0.0016046710186710046,0.009081120457726551,0.003863653841695559,1.3809540649753282e-06,0.002906480487793894,6.985270234955581,0.000513546336122945
3.363213382075049e-05,0.16922303215512757,0.09319900265278114,8.822541115984328e-05,2.0527832707491863e-05,5.59371252516371e-05,0.032210423099816164,0.10357710072693917,0.13099119550902882,0.0005578696368065023,0.0007231112932276692,10.027421651151258,0.007380241842525795,7.039196765207428e-06,5.148996906230766e-05,0.003557739550461121,0.009948257033199933,0.004779766781226472,2.6036883569903842e-06,0.004105724350705558,4.931427856928083,0.0018707835449560586
4.155108894930344e-05,0.1946059557309727,0.005409105739130338,7.034008178858064e-05,3.109112032237132e-05,3.411810151666276e-05,0.01569185200302455,0.013739170427292252,0.11038749419404739,0.0006179582727960772,0.0015312564090848929,11.619376876527127,0.004420312628951898,7.711069156552785e-06,5.55948507748344e-05,4.683065031887729e-05,0.0066558654019000275,0.004374407332653254,0.00019657253236298375,0.004728594494196716,6.985270234955581,0.0011813936033032212
4.299962886912763e-05,0.08917147289742014,0.15212042599632503,6.159201777193251e-05,2.4516752250082416e-05,8.489919215893984e-05,0.04325921213966633,0.07075534896568417,0.09974182632355777,0.0005973797368198155,0.00039409500560143036,8.864088950853912,0.08308000119320695,6.87910619769611e-06,6.396511445992945e-05,0.0012706874522194723,0.009771095932885518,0.005219383158289599,0.00018319503775289137,0.0027238386458454692,3.1465572479596218,0.0005252937503451688
3.9290205542381684e-05,0.139476969483381,0.08802359198390158,6.715041512591175e-05,1.0249888150798276e-05,8.290179144748944e-05,0.017787218341988292,0.11000159107950315,0.1219840439210016,0.0009380726089648125,0.002197285346846543,4.649881279769263,0.003932486744103227,1.6519844208526922e-06,5.363038347819183e-05,0.00016882553298934986,0.009809703975270173,0.005727254968725285,2.3821990818630377e-05,0.0048779924582354915,2.9288254573548524,0.0007830568103487312
4.2731791419481356e-05,0.19348116481088776,0.6620697805652302,7.711030719512704e-05,3.109112032237132e-05,9.44182870391433e-05,0.018530884304305405,0.1124107251900095,0.07993206535443079,0.0006915730834502147,0.0029444136660038214,9.213286306287628,0.004372683550453085,6.615533509950382e-06,5.784972689243175e-05,8.879175433030198e-05,0.009081120457726551,0.004237895277880387,0.00025171162787991636,0.0002934030832077812,6.577525687486088,0.0005128106508146273
4.2731647972591465e-05,0.19301323357328376,0.09331722973605294,8.692453803099409e-05,7.090055599100743e-06,4.617393241456219e-05,0.018600651138615303,0.1076288549225586,0.1250944649159489,0.0008373193062442148,0.00036374587641120496,14.868595270394083,0.02307947129146639,2.0435324159146598e-05,5.957682021198205e-05,0.001149610998873211,0.006576351382017559,0.005543404303914723,3.5088042994083277e-06,0.0027206768526027787,3.121638754503089,0.0005012339262783244
4.2731791419481356e-05,0.19985757026443005,0.2010197143734614,8.16336465447695e-05,3.683740209535316e-05,3.9539297887777205e-05,0.01870780553019804,0.11424079420580864,0.09825375046605021,0.0007492115170112387,0.0018177661254162206,9.534654645449153,0.003799292275742007,5.178959978295421e-07,5.834865421941482e-05,0.0016414061098295818,0.008317110768941514,0.003866549528640276,4.205557268315222e-05,0.0028798871637940125,4.2638248598237025,0.0012230720840670293
4.2731791419481356e-05,0.1752623677114501,0.4272608787486605,8.16336465447695e-05,3.683740209535316e-05,3.1279403721359406e-05,0.01870780553019804,0.1375405475784312,0.09838540300482865,0.0007677034020647271,0.0020469815113559747,9.625059293424872,0.0037646864570069563,6.481834139061581e-06,5.842381166562323e-05,0.0016414061098295818,0.0064984964282165155,0.004962357949552553,4.205557268315222e-05,0.0028195993847063196,4.2638248598237025,0.0012230720840670293
4.409176793358985e-05,0.19930337978230694,0.05305059834671507,8.799171538175976e-05,1.1206549673102119e-05,7.310501424727323e-05,0.037176424799964046,0.10864462570456859,0.06759286883832048,0.0008264337633879305,0.0009688762670657694,13.4289934981278,0.007471287038727601,8.142413131951298e-06,5.898740799389549e-05,0.0008731184048505751,0.009534667283784486,0.004649324810610793,0.00019288245000026986,0.0009224551535944194,8.622715566829381,0.0008752381124765178
4.934104697846356e-05,0.1960456233757755,0.04392911467771045,9.320549002579963e-05,2.4199207586311052e-05,3.999117481439274e-05,0.01864456358639883,0.12605648223551358,0.09737989308206796,0.0008413314349901024,0.0010956264904135292,4.416237959986408,0.02237248286369674,6.492666834281213e-06,5.951637088832899e-05,0.00020915712649185097,0.005136788496949493,0.005119115122985388,0.000252336471907024,0.002503100270507264,2.760625783528681,0.0005181169291650243
3.8793270595326046e-05,0.16165122179432764,0.02599416804798582,8.66451078087791e-05,2.4199207586311052e-05,3.4706023633782556e-05,0.011422758614621888,0.10891869296919061,0.12874204979535128,0.0008407602023658958,0.0011510754185043584,9.429707993228654,0.006964386938609072,6.492666834281213e-06,6.553085407951862e-05,0.0022665059198807265,0.008964410333459419,0.0034060396157676994,0.00015047284828814277,0.0029299602702180997,6.719001022995799,0.0005181169291650243
4.4061315838390676e-05,0.16993028907779031,0.08041462623792378,8.79719842398697e-05,1.701119705170648e-05,3.9539297887777205e-05,0.016852800013114396,0.12767440746552333,0.12608585881384252,0.0007703285828691561,0.0003033196966420769,9.543302105325171,0.06455600018503925,1.721993591659983e-05,5.877871052490925e-05,0.0007778114259377157,0.009100836265942968,0.005171172422062304,0.0001010470918429192,0.003188710592662656,8.75314299783108,0.0005181169291650243
4.2753277003040306e-05,0.16993028907779031,0.08119295234857166,7.839781126971993e-05,1.701119705170648e-05,3.957146476443641e-05,0.0170101691067331,0.09175310325103886,0.12244635577926291,0.0008868023425986249,0.0003055037106222856,9.543302105325171,0.07487776768782778,2.0949429578434008e-05,7.143373595834278e-05,0.0008416746312993452,0.009941798977216063,0.0052235787557874756,6.240978433244275e-05,0.0038227919536863437,9.24847363454278,0.0005048054522696144
4.8857442160580715e-05,0.1702121186003446,0.08410571307092024,9.320549002579963e-05,3.7480707940345926e-05,3.7008367197184573e-05,0.012259997678228454,0.12605648223551358,0.12519672057227846,0.000785559833761186,0.0010956264904135292,6.20991550147064,0.01378233024740335,1.2780713776265513e-05,5.866929283542785e-05,0.00020915712649185097,0.005845011354368075,0.004969152372750854,0.00015047284828814277,0.002453106211464796,1.163581487816152,0.0005181169291650243
4.527488424212364e-05,0.18167163804730696,0.1377051859011404,9.86311512991119e-05,6.177898825549265e-05,9.901079902494769e-05,0.00945552088857874,0.1271641071984521,0.1260725171548915,0.000904955008086125,0.0002007357086029724,6.83848355280546,0.06461701663414553,7.749285980868916e-06,5.7827587268408505e-05,0.001445296585038943,0.009974386793174935,0.004460427416351661,1.953039601591121e-05,8.039128616989374e-05,7.636463639347168,0.020483449503979775
3.728242069898829e-05,0.18859869319605135,0.08337383853224867,7.71933847277898e-05,2.1965224383280393e-05,2.506702807509519e-05,0.03730396800810213,0.11817521409809537,0.12599688009394722,0.0006937103350789389,0.0013444205202590557,9.574505773181968,0.004120580895343121,6.548411715833901e-06,5.8758854909849736e-05,0.0026156402623212756,0.009556816960343946,0.005542028947986799,2.3172248918936395e-06,0.002213476133882901,3.2730666060411986,0.0005215451068511824
4.4889617859191324e-05,0.18669759273384307,0.1377051859011404,8.135212155239601e-05,4.933074792282156e-05,8.66042668077817e-05,0.00945552088857874,0.19615042316502423,0.1260725171548915,0.0008718139758108506,0.00014279762468346035,6.83848355280546,0.06461701663414553,5.119803190650859e-06,5.7827587268408505e-05,0.0006885191115021034,0.009335305416583015,0.004460427416351661,0.0001922065550840421,8.039128616989374e-05,6.762980684073077,0.019151745332703397
4.0507389878204215e-05,0.1522157315784521,0.08337383853224867,9.596503333267639e-05,2.1965224383280393e-05,4.716752750866002e-05,0.038597100900035604,0.11817521409809537,0.11596504387457793,0.0006999962788075212,0.0013444205202590557,9.593870512201946,0.007495195743989536,4.522055490556804e-06,7.530140170605429e-05,0.0027172443128085787,0.009737749142094103,0.0053553172075781206,7.685056252671645e-07,0.002213476133882901,2.2378639785608203,0.000503631564244694
4.2731791419481356e-05,0.19469434075901895,0.1890907953320875,7.719047639239995e-05,3.133410643887456e-05,3.9539297887777205e-05,0.03883708831983625,0.10419581628054767,0.10261114481560087,0.0007903261554653308,0.0017399012414960066,7.785478231269991,0.004372683550453085,5.8818987501930145e-06,6.554072556064623e-05,0.0002957929605458061,0.009574804816090288,0.0038691809702625203,4.049945625235723e-06,0.0028001334835343734,4.48230868887709,0.0005181169291650243
3.977074056318529e-05,0.1946059557309727,0.022067446744947483,7.711030719512704e-05,3.109112032237132e-05,3.9539297887777205e-05,0.01906086810256073,0.11219666974828953,0.10462917541432,0.0007996375144612044,0.002240756633409247,9.626225077675757,0.004372683550453085,7.711069156552785e-06,5.2012352994641495e-05,0.0006864267523685141,0.009186968862868254,0.0037779259261480685,0.00017991480864355323,0.00285130112679722,11.343465743971173,0.0005171394985108777
4.2731791419481356e-05,0.19469434075901895,0.1890907953320875,8.205413009653073e-05,3.133410643887456e-05,4.064927201487927e-05,0.027709429925240912,0.08291496678581911,0.10261114481560087,0.0007903261554653308,0.0016045157785718963,10.613882301740208,0.004372683550453085,5.8818987501930145e-06,7.178228458649379e-05,0.0001859760517805045,0.007671461775773742,0.0038691809702625203,4.049945625235723e-06,0.0025143100762159277,4.48230868887709,0.0005182009594148045
4.1306984055020827e-05,0.1842545132328161,0.13596093059751263,8.137343067982987e-05,2.2060625522172e-05,4.122656520751034e-05,0.023142373225107774,0.1467656736457893,0.11396744675071549,0.0007690412334667728,0.0009698959932402222,3.5525532637081447,0.07076952843315651,3.877254648855585e-06,6.078301624871112e-05,0.0007445282262714466,0.007331112752637078,0.0059463171646055475,0.00014556995432105777,0.003034981288102356,2.578413397219398,0.0005210188208237532
4.731883159531705e-05,0.17433435997769764,0.005046583105591862,9.470527592618368e-05,3.163775528052491e-05,3.131230918233918e-05,0.00692056107797792,0.19483667201548305,0.14052648283098196,0.0007867684856122531,0.0005810214622044317,11.474668099946976,0.01171166465996884,1.2077707713281156e-05,6.9188988147499e-05,0.0020173400522263698,0.009490073240531994,0.004888192557030659,0.00031060524350463907,9.696384762619811e-05,8.634006783551479,0.0005257564055958121
4.2324897586104106e-05,0.1999794082299822,0.226897458408356,7.945765102222801e-05,4.8912989247903275e-05,4.100569506536521e-05,0.026917106558086695,0.08129734002394513,0.053496301925815545,0.0008161265316870192,0.0010052850918548196,14.911623960061178,0.005675408370170968,4.013742949504809e-07,5.6022960949425474e-05,0.0016937024041511176,0.005013094777888472,0.00566134581898162,0.00012134948144846641,0.002611929317634212,5.428736022328672,0.0005150934869970963
4.2731791419481356e-05,0.19460790676181253,0.2980767042208335,9.910315812121091e-05,1.873478994232357e-05,5.4737045737955606e-05,0.007821547003940998,0.11033348110250864,0.059799026730817204,0.0008891206561687816,0.0013444205202590557,11.831804645081675,0.004372683550453085,7.711069156552785e-06,5.8758854909849736e-05,0.000935495277631248,0.009064116149369049,0.0038691809702625203,0.00024948607196335914,0.0027459775017446685,6.985270234955581,0.0005106764514570128
3.926845458801219e-05,0.16078794965665502,0.27068888771447824,9.044587989957374e-05,5.844650382360287e-05,9.72836236233594e-05,0.01762959070745429,0.04846277141181547,0.030705668355084426,0.000993156593681983,0.00083802307944269,8.746067660194623,0.007224197302625648,1.1591729253770528e-05,3.4111433247116316e-05,0.0009233086445406933,0.00935952659553118,0.004816270595702855,0.0001239985036945339,0.00032083185623380585,4.852262210776249,0.0005086261015581124
4.5558991721052704e-05,0.18582499809079994,0.05911838292545255,9.951493942333624e-05,1.538631739421925e-05,5.2588707534990664e-05,0.0022531367035243536,0.10101573414189047,0.08250179793684903,0.0008938927927644446,0.001165990484761423,3.3643409173400043,0.06968285123624633,6.400638481467712e-06,7.01665519422498e-05,0.0023518933815064287,0.008349390213159003,0.0017486285902592051,0.00011234824624283462,0.004857380567917411,5.560876358626713,0.0010185629447228063
4.7817542249148354e-05,0.1685096513088741,0.07769636327892547,8.35369075022849e-05,1.9483374615564738e-05,2.0659113942672683e-05,0.005287655608519098,0.18540927299354382,0.14116660283564686,0.0007609343164415911,0.0005084211653618525,13.758890985885612,0.010584274487704031,5.06795398902847e-06,7.636442094341537e-05,0.001311010631723458,0.008434976722765074,0.003899615529267873,6.152282724005646e-05,0.00032408491377949997,8.730353135913807,0.009822031057025527
4.243518320912963e-05,0.18866040036614784,0.13275056474735353,9.025143280867207e-05,2.644153579915282e-05,1.321910092427603e-05,0.022961108627241364,0.07258383091904524,0.11552497495068996,0.0007903261554653308,0.000716953955772539,12.090865940504475,0.002798225689173029,1.669536346288084e-05,4.236972914673029e-05,0.00023098249131375218,0.006315059684243484,0.004312326075585099,8.212469058621038e-05,0.0027847352684361687,6.274922325778276,0.0005000993125999306
4.2731791419481356e-05,0.19460790676181253,0.10185296230507643,9.910315812121091e-05,1.1268590652176133e-05,5.4737045737955606e-05,0.023172701923396558,0.12605782780712046,0.059814511936210076,0.0007926625081625488,0.0011918506237962479,12.637801871623566,0.004372683550453085,6.276222499669197e-06,5.8758854909849736e-05,0.0007490153114543172,0.007726849971801715,0.0038691809702625203,0.00013599186605779454,0.0022272063659954876,3.6703066123560166,0.0005106764514570128
4.5406664258725985e-05,0.17407868325750436,0.007061936630702412,9.154486548900626e-05,1.665464517389334e-05,2.636056805065751e-05,0.006455832557877185,0.07787931561407944,0.12008725653630055,0.0007867684856122531,0.0007085301323247813,10.90216724944976,0.01156401328300962,1.6052891150522634e-07,7.320112019314667e-05,0.0020164234839171284,0.009042065808305997,0.004888192557030659,0.0003951209828960903,3.114467601301415e-05,8.984718051611559,0.0005132699109429128
4.3399084954946726e-05,0.1711949982047951,0.21013181894409155,7.796998628747485e-05,3.158998245600368e-05,3.866362691728482e-05,0.020858022472376916,0.19985841134258847,0.10956694903918932,0.0006694057852346662,0.0008087930188390557,6.807999362594815,0.019460986909074718,9.626620458725726e-06,7.739378631466278e-05,0.0007263222276748868,0.009501726442735699,0.003802757408047395,0.0002036875677555007,0.004814388001321404,1.6442852687925777,0.0005252136530205044
4.6648435298970593e-05,0.1994851127144993,0.11783386845789821,9.992970569448708e-05,7.3703968576919985e-06,9.85853176257639e-05,0.019491512347694726,0.11491605352654854,0.07499144385974799,0.0007926625081625488,0.0019544434192343705,13.92202527557657,0.004372683550453085,6.276222499669197e-06,6.038678515537941e-05,0.0006431592824526857,0.009682693152128339,0.0032364369162632424,2.9049578505587922e-05,0.00011549948416890812,3.6703066123560166,0.0005004692386562364
3.288116364261421e-05,0.13316059056742272,0.09511964983836747,7.907976437047548e-05,2.2165562976280525e-05,2.6559003839522126e-05,0.029966443366035503,0.040569028336121006,0.043122744619698075,0.0009089798291969812,0.00018479152755593076,9.767858841736409,0.023940059473148527,1.6189095333818473e-05,4.495930162151199e-05,0.0016962807485213565,0.009983183938554676,0.004476329718964743,4.791410632119221e-05,0.00042763384542569545,5.639281087483179,0.0005048500122377781
4.0396482713616275e-05,0.17483933793824627,0.1748788454421646,6.943231275853607e-05,2.6123189796788495e-05,3.0957712930053766e-05,0.021196691167070954,0.12383787765099313,0.05585268353714999,0.0008925445214148356,0.0004172639722192314,14.675285262943792,0.02035474339483587,7.706669737842662e-06,6.665416769837224e-05,0.0023572950840369832,0.009421281871030005,0.0036245851111434764,0.00025520671840023384,0.001753801357534173,2.004705187762864,0.005294750908969736
4.077522243269252e-05,0.16770874564064786,0.29796979691762887,8.29820155887651e-05,5.202045319575583e-05,4.828621088433588e-05,0.024194650272912586,0.17713745506864148,0.05085786221162945,0.0009179929091905797,0.001345543430239851,5.9858321190292685,0.006371465179150184,8.696353119050293e-09,5.814796716715568e-05,0.0009821916702809615,0.008388025037640754,0.0038894059518000622,0.00011188754917253215,0.004883181354688404,3.679647687381574,0.0005069961592439295
3.758222180153212e-05,0.19878814977336515,0.17711668143679749,7.572778451769689e-05,1.611982433571365e-05,1.8679430322655234e-05,0.017001625041277717,0.04900556369990024,0.05530754033444776,0.0006975294910323363,9.044167579145418e-07,8.787363051399813,0.03495707104778863,5.876526377945623e-06,3.713542138709471e-05,0.0011721766056242582,0.008611375872467134,0.0040663003369272675,0.00020142304797525956,0.0010334061245221196,1.1751080007799146,0.015254841603181971
4.547134694106861e-05,0.08471030298457687,0.21013181894409155,6.109091706818574e-05,2.4829832402608094e-05,4.2371292891393056e-05,0.020858022472376916,0.04421667711892592,0.10061289540691931,0.0006798685283134318,0.000791169639786517,6.807999362594815,0.019460986909074718,1.0608403167009156e-05,7.739378631466278e-05,0.0022412205706064995,0.009501726442735699,0.0036117457160494844,0.0002036875677555007,0.004819582062370619,1.5208123019685265,0.0005252136530205044
4.646294980075469e-05,0.1994851127144993,0.12658459735269176,9.986539045940673e-05,7.3703968576919985e-06,9.007948039167383e-05,0.019585059141194572,0.11409439503199492,0.08416309038853424,0.0007295909349223321,0.002698200395840486,14.53504380746728,0.004372683550453085,6.276222499669197e-06,5.901842736445764e-05,0.0006413810163206385,0.009682693152128339,0.003280513774276168,2.9049578505587922e-05,0.00011549948416890812,3.6703066123560166,0.030555233475139446
4.2731791419481356e-05,0.15958659762660465,0.22587755790110414,9.915151910843927e-05,4.119251812404571e-06,4.3449941799271454e-05,0.00782384297731026,0.1104844994923429,0.04611268032193005,0.0008273130417531284,0.0016495472036273078,6.5317978188318815,0.006332273092747546,6.571208518393656e-06,5.700241927348874e-05,0.0009398936344482944,0.009606625227624609,0.005796124414166746,7.709038224912819e-05,0.0019611924589393198,7.7116090079771675,0.0007911116033615367
4.6969703550777035e-05,0.19475555970624106,0.12991804914717692,8.523956987673176e-05,1.2780318355973466e-05,4.7358841199423055e-05,0.007158393206191256,0.12800370571935446,0.05695103015312768,0.0008613089587703975,0.0010120445570386079,11.609768171451165,0.004372683550453085,7.746674382358408e-06,6.807382030526987e-05,0.0012210637792827374,0.009410792800746318,0.004038090721720993,7.190325620233626e-05,0.004575597716178322,5.437276649481027,0.0005152892897973893
3.6478557358307455e-05,0.15451474245698815,0.31243342383481837,9.438161578671805e-05,6.709919414249414e-06,6.133901904921064e-05,0.0021242828553424634,0.0979797151688129,0.10504140516346587,0.0009207549053743712,9.428212379085437e-05,9.159945379829926,0.009699563576395814,1.7816890285050888e-05,2.4802931365585936e-05,0.0019037820135481228,0.009998278423536067,0.0017506494384908488,0.0004793637221511812,0.000806273292838011,1.513600787627567,0.0017352747638994031
4.386104329117929e-05,0.18718221517875605,0.12429167771871698,9.650494879985411e-05,2.486549433241516e-06,9.674364183355613e-05,0.04505916038369045,0.10573399776857662,0.061425689279351894,0.0009244922536041495,0.0006478111144612524,2.8988672955560792,0.047430002510422536,1.919519404212771e-05,5.6499081024091566e-05,6.988336621003438e-05,0.005798680008953338,0.005191975414531339,0.00011670298221032777,0.004003084159307416,8.410409072579295,0.0005025903512738134
4.376194836496862e-05,0.19727650485012116,0.10008437313830326,9.209065946649996e-05,3.5693331296580425e-05,2.7258889099938674e-05,0.025918975799852674,0.058681200933998034,0.06712118806743461,0.0006255052170150856,0.0009995909773945749,10.247517496648094,0.010359971182397211,3.974044255227877e-06,6.413884084104055e-05,0.0021576993233961804,0.009360827448012544,0.003685111337597246,0.0001565023733357957,0.0019692587379207542,1.6783390575338846,0.005366067316916223
4.417526314122909e-05,0.1864631317196929,0.3139215547905557,8.556572837535132e-05,1.6501299238424096e-05,1.227057184515018e-05,0.02346742039259435,0.03476786834676307,0.05801764762329211,0.0008544114193983245,0.0008443317072917751,8.920477890783648,0.004372683550453085,7.746674382358408e-06,6.807382030526987e-05,0.0010630555181349488,0.009916677113976313,0.005436845861530757,7.190325620233626e-05,0.0005246450390191142,5.954392273966758,0.0070872642236631585
4.399224796402818e-05,0.19727650485012116,0.1746060021206369,9.209065946649996e-05,3.158886359206444e-05,2.680200758572442e-05,0.011643424417295814,0.07104778249996381,0.05355071623964041,0.0007415700800993242,0.0006031436134329634,9.691478522468724,0.010359971182397211,8.418791284047363e-06,6.691594417054002e-05,0.0023066786783621515,0.009909005182171486,0.004837740760249767,0.00012899908703587626,0.00202539269470599,3.806801371772595,0.001123578694532337
4.391263296498965e-05,0.19852469481555185,0.1811088824122453,9.209065946649996e-05,3.159745324511433e-05,2.3915241848665024e-05,0.021723347642801465,0.03774651592070752,0.06733201050091933,0.0007042066145568563,0.001074505789128646,7.948606771496185,0.010359971182397211,1.372430318212492e-06,5.7728899688102264e-05,0.0016667142905969746,0.009909005182171486,0.004689426003916454,0.00014303226157057468,0.0017510356135509698,3.1290179074531963,0.001123578694532337
4.703504382209793e-05,0.17287884654651894,0.44694769471537404,6.361656004550807e-05,2.5058569528335147e-05,3.095067727260744e-05,0.006194382722251953,0.06565319526962202,0.10103443559323164,0.0005443629341509289,0.0008521348683394787,7.992293431037545,0.010036765828935205,1.1633297108309552e-05,5.9758128424463595e-05,0.0006764730607801295,0.009269013821691149,0.003680647409002267,0.00023773265300842063,0.0008881873060338455,2.1726437584357514,0.007308618233636523
5.206840419141469e-05,0.10489338756458284,0.06387714355081327,9.966506341945637e-05,1.0776707336141133e-05,9.996166211013629e-05,0.0029022458252190167,0.0372317479820973,0.07262558768421942,0.0008676190878263928,0.0004688146561516891,6.43567431510505,0.04874744723881032,6.756890787543794e-06,7.80516745074535e-05,0.0010924865038120415,0.009918438738709432,0.003101156285732776,0.0004026280295065727,0.004800947769200845,1.4365669462060615,0.0006118899482732592
4.365805748929797e-05,0.12142387178198862,0.5157176159647763,6.776175574684822e-05,2.0425127884238933e-05,6.160320150699647e-06,0.005010125984947621,0.1407356658829391,0.09382482752521429,0.0009394850016908958,0.0008521348683394787,13.003745496950295,0.0065905079404940045,8.189477151788308e-06,5.3298022901226546e-05,0.0002558740410592927,0.0088600929442301,0.003701491813065013,0.00023877828140435583,5.731107134706508e-05,1.5202660859380246,0.0024237573935483687
4.5708929392886954e-05,0.1882210295841893,0.12991804914717692,9.917595340102849e-05,6.60626936695022e-06,1.9854601008773615e-05,0.007158393206191256,0.016692178957652043,0.09907538582885847,0.0006690067247364255,0.0004421604167421152,13.456822770639189,0.010633682330196896,7.348028682741461e-06,6.0545942546805156e-05,0.0017968388099561636,0.009411913236121927,0.003932693324963337,0.0001678581891945994,0.004391117405971695,10.935510271286415,0.0005007432943897866
4.583808295343621e-05,0.07063439656273432,0.048882169420995325,7.180029636156833e-05,2.183455095321244e-05,9.000038469539547e-05,0.006752143436695523,0.05382336567194631,0.0940782995597052,0.0009506721676328495,0.0006238861169533449,7.233163742728428,0.004430670788234718,9.735093101139717e-06,5.675763235633485e-05,0.0002937129591877065,0.007959829151142928,0.004714451277042552,1.6655306623991706e-05,0.00458350033893909,3.1076214140737073,0.0005969250470708161
5.0792167236399057e-05,0.1908373229241947,0.12608819552588107,9.927733886625884e-05,2.393970754766291e-06,5.81342090490168e-05,0.013852189570168535,0.13193445632285547,0.07780616567126547,0.0007977470989277857,0.0007595529342127705,9.12901233793561,0.017178897538839676,1.0906999641112361e-05,6.009921405367933e-05,0.0003581661724951094,0.006309929891457271,0.0038240531800238877,6.112190702737698e-06,0.00469340157371629,7.883976857555629,0.0005568108148239525
4.607359406578577e-05,0.13672637617016056,0.18981298388849038,9.675113538229704e-05,3.554218393994912e-05,9.115263388863925e-05,0.001815664968435599,0.03897548548164716,0.05622881891558189,0.0008605034923679392,0.0006816314678042606,6.43567431510505,0.024808557434542505,2.1743427164421656e-07,7.496224628561292e-05,0.0006121238934070825,0.009903811885159361,0.0031978038640805835,0.00023826520251248463,0.003795442066651979,1.1756270068493326,0.0006121780696628112
