2.6677012788747745e-05,0.0409287796972391,0.3352510440876122,7.967113974887358e-05,1.5866034471766306e-07,5.388715253507501e-05,0.0699995365382379,0.08980102760758704,0.1061857993096976,0.00047096666578017336,0.0002631429074504539,11.584868553946272,0.5053791208013406,3.695541762085845e-05,2.018408355021736e-05,0.004204542714530424,0.008443181824985107,0.004602418357980569,0.0007528049748213249,7.446889270715183e-05,1.2884067734499336,0.016163887218762336
5.442950426294402e-05,0.032391673558995096,0.05670641729267941,9.923580761352358e-05,2.2612024494605193e-05,4.774281653500118e-05,0.010706426444564975,0.05556299230501938,0.15446765140793173,5.5174688446255526e-05,0.0001975830207769999,9.127957644831605,0.691664706165207,3.254030348439996e-05,4.4211507085621405e-05,0.005171176606703378,0.008619222242704862,0.005540135642708425,0.00028741294929962233,1.4800622021351512e-05,2.999864742022049,0.07874790637441387
5.1994256407700564e-05,0.1477183150606723,0.08117271955717917,9.922257306056376e-05,4.881952986004683e-05,6.646540761507899e-05,0.03128877104199462,0.028781716805953032,0.14217698517407568,0.00020864148509148114,0.0004336500258682913,3.7832078319783635,0.11723207687191844,1.9136500852730794e-05,2.705882517084558e-05,0.0031194955852708356,0.0076491232255931655,0.0035364769976097563,7.181709536478121e-05,0.000525265260231978,1.0111185287990376,0.0008109356598777543
3.5260927624010026e-05,0.18085424147092868,0.36904044633647826,8.612740857697692e-05,6.735312022822368e-05,7.47731195938963e-05,0.045972638947194,0.09161218244636561,0.07710850356451027,1.6492490524005594e-05,0.00021077119498631204,14.843105935181038,0.6630303986652137,2.4653351369865708e-05,6.836529168939299e-06,0.0002001328920368436,0.006994785425098552,0.005219249301265011,0.00020163474008075703,3.0286839920119415e-05,1.1809598500301812,0.1352028727040611
5.2104256576539265e-05,0.14308366209793436,0.7554055666955706,9.916504397697189e-05,2.407860761585594e-05,4.52061149184067e-05,0.030517651751476506,0.07438815126325418,0.1382950424793555,5.7449903044536994e-05,0.0003566113433768976,4.1888807449208345,0.8378378484478498,2.3877020725688742e-05,1.7181416754153018e-05,0.0023916591466117197,0.009856366510000738,0.004922982107542858,0.00012104961983078164,3.9105831804869015e-06,2.5601085149707328,0.0045873531084335145
5.8551796787694806e-05,0.023904359392199613,0.15698177378253966,9.813576692142186e-05,1.0175608477503114e-05,5.016183291114892e-05,0.020524377653242366,0.08639245306696303,0.04992356357159234,0.0002703765276350558,8.237029796338346e-05,4.131245517107688,0.5567955608407207,3.2345105403097094e-05,1.851101971692138e-05,0.0002673863905929434,0.0049258179495700796,0.0038988860968752507,0.0003082383155133538,6.59005002357121e-05,2.659612690003595,0.21657906886482023
3.060796363187065e-05,0.1652455737037371,0.7908531015288437,8.94542382229221e-05,2.1209459614583666e-05,3.963712669752214e-05,0.012661885669876277,0.10785238426119714,0.09382815494782044,8.433658302341145e-05,0.0003338132739381128,14.092373231527855,0.9431032406761722,2.4749731028936e-05,5.536886576130179e-05,0.00475856473900399,0.0071700071820157245,0.004431694079634911,0.0003188953946650297,0.00018869447263636206,1.8263007582119237,0.023381556832240302
2.715895584394254e-05,0.16319184795899971,0.774106581872046,8.929997967921134e-05,4.627880315202615e-05,7.826109327906012e-05,0.042447807411614066,0.12846671711069493,0.07548466759118623,1.356798583752182e-05,0.000287116347222426,13.499284908982784,0.7520447065526228,2.4743687401529297e-05,1.80369735942146e-05,0.00464161089220733,0.009630764477018893,0.004563673987302338,8.188942759282023e-05,7.635717198346332e-05,3.317108092004746,0.04952103733540574
2.320786186513535e-05,0.1642654227887842,0.7833042422787817,9.780658951509117e-05,4.217350225515365e-05,9.285140482342281e-05,0.0194421975027294,0.16786832149522612,0.0663329884360002,1.252552842172007e-05,0.00036074302850146856,9.98931524934202,0.988012472641242,3.8092505907854136e-05,1.5122184773031628e-05,0.0056808048395053275,0.008329496586123435,0.004292465825482492,0.0003781391826985083,3.425970148393645e-05,7.136029992917555,0.07207511633901405
5.1802472576972864e-05,0.13738228741615047,0.5796882439433713,9.84036936019307e-05,2.9867010559058555e-05,7.736809484620041e-05,0.020308592044174623,0.13034640553827423,0.03832189879783529,9.185523970940319e-05,0.0004031419641487619,9.488109268858619,0.5246624240717457,1.823893567655505e-05,1.4848517381831733e-05,0.00031233216644326414,0.007781718173207563,0.004170491906755405,0.00026065544568085,3.7841554216713625e-05,3.3518442193792057,0.1647486775169073
4.608690447861114e-05,0.1734577890865435,0.6171423211194282,8.2040989445042e-05,5.713656497650228e-05,8.056432374501082e-05,0.03762257967074869,0.10517800269730689,0.08675500369356255,5.922792897627284e-05,0.00012727359431582953,14.32667596174828,0.9902803263069287,1.652932360392167e-05,2.2584621405258294e-05,0.0007533251026641013,0.007369250385733763,0.004406157702725009,0.0004884565175483502,8.511944740708453e-05,1.5006913788330984,0.06920487364565367
4.04431770960558e-05,0.18325595458376823,0.7253317458980533,7.58669299893747e-05,2.014089013250633e-05,9.345328571673483e-05,0.0027917174839261214,0.12462899253293386,0.06737405033480676,0.00010534077390165542,0.0003609427911476933,13.367035082598633,0.9116630317742989,2.5746295276073497e-05,3.153367700561747e-05,0.0001041487895569156,0.009262700998704246,0.005691023186114912,0.00020470534757370193,3.91801602048719e-05,2.1517069269112596,0.14150103133665423
5.159133327578654e-05,0.11626653768955655,0.2082432487093033,9.711367774289703e-05,3.978673171949497e-05,8.370899674030548e-05,0.058101578635723974,0.08517259299912072,0.08868053817912569,0.00017646762110319001,0.00043956053353969796,8.463042358090656,0.45586402662799996,2.391165018508809e-05,6.26872735849934e-05,0.0010800918514776165,0.009049041104274604,0.004772472078993263,0.00033191076860167323,6.480048055960226e-06,7.344559375371099,0.008073934119193528
5.908120359802918e-05,0.17361244390736894,0.037755357519355895,8.32391114269997e-05,3.906654083689323e-05,9.251770647923131e-05,0.0295729044367346,0.07913317552312457,0.086937765670824,0.0005093299122853705,0.0003928717213772077,14.210159286026148,0.09872969159625408,1.1627100762459881e-05,3.873506952089668e-05,0.0005475842866804153,0.008767177660818692,0.005671872405210291,0.0002894065228490763,0.0006092023804715027,7.874311799878978,0.0012598112796616875
6.582386126219142e-05,0.15340250246701817,0.038327690444360976,9.98229181796413e-05,2.3366684583903654e-05,9.499910878622648e-05,0.021059759777145824,0.020570821688666002,0.09051570295399526,0.0005124088844237774,0.000100646587876168,12.218787611005263,0.934962538667406,1.6906846646504238e-05,7.801476832620622e-05,0.0036357305347944416,0.005862069724842753,0.005250059309596627,0.0002634662404192419,0.00010136475879995252,4.802165701767039,0.05261530811057284
1.788459116049775e-05,0.14076597154002687,0.004673745424570774,8.424852033145285e-05,5.655664327482464e-05,8.144868461672407e-05,0.04218749700200016,0.05962663654676939,0.08320500799154981,6.642708406896683e-05,0.00041688687279356056,14.894679518867115,0.897449134584011,3.0407284441143242e-05,3.9023819079547116e-05,0.0018958917138619657,0.005846569454820029,0.004342063162361443,0.0002594428243613264,9.161908980663194e-05,6.900033705368118,0.02075000108460805
2.970279158494239e-05,0.0854048385330291,0.027869410329410826,8.987015302110245e-05,9.622429673996936e-06,9.655045571472608e-05,0.011910972497486273,0.03533648749288837,0.11449572163157716,6.908040309630595e-05,0.00045388574202754396,12.397633423653845,0.7345830290077635,3.247123177260603e-05,1.5597050690138268e-05,0.0006297948462827383,0.0074826330599637395,0.005217345467457205,0.00029265853821086775,1.2274061106230485e-06,2.112582111879884,0.08673339928778678
3.563293605537911e-05,0.11224836262285301,0.13207528158279433,9.83820043230684e-05,5.4750342611347024e-05,7.207266011180664e-05,0.018410779670148644,0.10362265018014433,0.06362603054652215,0.0001236180254903294,0.00040210511526851634,14.178761853789608,0.9854883123896702,5.149368027881203e-05,5.946643250047638e-05,0.0008190965568135537,0.006900619614830944,0.005673119434303977,0.00017792053011668704,8.528357369388744e-05,5.514568248537095,0.06103024175822709
4.912822135617131e-05,0.10538709897235085,0.033556620145210464,9.962812250682561e-05,3.7663439025056084e-05,8.296317920253134e-07,0.037917300298854185,0.0789053352304363,0.07009258832478596,0.0003163126077102701,0.000173041489754617,14.888300483456614,0.8639880241380349,2.1458261928371794e-05,3.682679065759062e-05,8.238612126926863e-05,0.006172954946169136,0.005366445131280953,0.00046519411842939253,6.651312339126652e-05,3.061689655195794,0.10223426470520089
4.989058147547712e-05,0.17117386583111208,0.12412096847399892,8.235976686237504e-05,4.273333843352844e-05,4.251633967077401e-05,0.036653622429623216,0.13769232436149673,0.07541279924733013,0.000427969677854375,5.51743552535224e-05,14.424606320464587,0.10712978643923138,2.1518287528528655e-05,2.5221069919371204e-05,0.003145371603420721,0.005143921592314273,0.002497291286954239,0.0002506745224714967,0.00014601081286975357,6.291039371583827,0.01488629906893684
4.866151577523025e-05,0.12114162957926063,0.025263238555592767,9.962812250682561e-05,2.7006984811143786e-05,7.073427457617894e-07,0.037917300298854185,0.10042795121154148,0.0799457641167446,0.0003233592335867455,0.000173041489754617,14.888300483456614,0.8213251421639666,2.1987286631393497e-05,3.722001163377964e-05,8.53437320475944e-05,0.00561031401541622,0.005742619001108723,0.00046519411842939253,6.651312339126652e-05,1.7656542692901818,0.09980200418572191
3.469572011475168e-05,0.1031263619817171,0.12811719823146006,9.243577215955048e-05,3.120806664432802e-05,8.973985837099888e-05,0.037657770886989614,0.07318506961819085,0.07415032550874878,1.079197260609136e-05,0.00044309419526366797,12.8719892073408,0.7360553131324464,2.6852405485389287e-05,7.227305405046264e-05,0.00016433945667605922,0.0069895133638184,0.00429462854105242,0.0003777391550437059,0.00013930116385192618,1.9180848479845234,0.1469298887463649
6.273857398378808e-05,0.15463530987826607,0.010704613769763303,9.63224946003116e-05,7.755599357201524e-05,5.679869086209944e-05,0.020219311405402212,0.05027243700756838,0.11439300487272076,0.00030773053457591694,0.000415267878829503,9.102481476550526,0.15304869916787567,2.969265420827507e-05,4.780710342400967e-05,0.001894739466511178,0.00754173147209353,0.005853545143813627,0.0001706345863941437,9.913830729717432e-07,11.62468224983105,0.5926145299178034
5.90885940224941e-05,0.02244153683749156,0.0048487027355465055,7.269592607535476e-05,7.87959893353113e-05,8.659378047902284e-05,0.02503006838149742,0.09831437887350387,0.07996428711963856,0.000590094632376578,0.0005621512998944742,10.13382550976608,0.0042224107637365595,2.1883351492407537e-05,3.658366763767063e-05,0.001965418619729646,0.007409307205490714,0.004634430805440097,0.0003060786246731022,7.063095520511491e-06,10.57396502706408,0.4178762044273433
7.40072258122107e-05,0.17163980006219842,0.0008966012486136786,8.697400729596228e-05,4.658466406771135e-05,3.3603584170353695e-05,0.008616354262589634,0.09354734311489063,0.08232304528351785,0.0004447111895876379,0.0007326059115585954,12.052937985551633,0.027313027500991204,2.9974503287254766e-08,7.731445749643358e-05,0.00032433125238431936,0.008761621316098473,0.002523113179095423,0.00026911273686421207,1.4247739903280247e-06,2.6528524522798307,0.1951109794134548
5.369016423417899e-05,0.13751652740200665,0.5564088420178479,7.466525414815142e-05,8.057951604908194e-05,2.753558697324242e-05,0.023655073974228037,0.17721292573014097,0.06278420059014961,0.0004297320573120392,0.0003978489964101271,7.035528356793265,0.05449099505537497,2.7579674845838e-05,3.576561140131139e-05,0.0036539144588402274,0.006843738856128811,0.0045084667637722824,7.296265451442783e-05,0.001027774631259731,2.097026842296525,0.0011494659952555944
5.589981505281596e-05,0.15432419868058722,0.19041691645585732,9.947993798804244e-05,7.819744227566895e-05,3.2099950539890036e-05,0.04471101611255189,0.13348333367379653,0.08996228801203238,0.00036281384270803776,0.0009587875580420732,2.4765793903780504,0.27544864722089724,1.7549743792886695e-05,7.212373620403049e-05,0.005386213106382263,0.008357654051882225,0.0012638144973081955,0.00035998330399393574,1.4451889170801962e-05,2.674199770911705,0.07434081121567382
6.485647345578203e-05,0.19907899026891684,0.46669529964413814,7.176344181257646e-05,8.297144984152441e-05,1.0618662341472089e-07,0.01513443768040339,0.04893281341393641,0.14307725878449193,0.00034306903269315677,3.528675120579196e-05,3.915219666967032,0.23988766811578704,2.0633988626275046e-05,4.3436793390221016e-05,0.0021199361870553007,0.009984126549237284,0.0047577268582577855,0.0002917581243360046,3.139135072567734e-05,5.091745014619317,0.09668255188704256
4.4235854842305685e-05,0.1884953782473106,0.12210161472994369,8.893626595363664e-05,6.596962156776731e-05,7.767788024637655e-06,0.048056991323263375,0.1594218034416993,0.044460762971128095,0.00015955493191302468,0.0004308958320312088,4.612400387138793,0.9101584748866063,2.7616951975430412e-05,5.332796889463706e-05,0.0041508431695003525,0.008193543469009298,0.003245899530270264,0.0002588389254350874,6.1546813302344455e-06,1.6015720099656823,0.31822062155811714
6.849803465183452e-05,0.12518444990673414,0.3324264091739091,9.964291341882566e-05,8.096969141776231e-05,2.4241417996729095e-05,0.03277247982051425,0.16047644795205224,0.09014340286038482,0.00036605060836026807,0.0015085407505801749,2.7098492020906977,0.1251093185836055,1.785376249284922e-05,7.673520476831857e-05,0.005533414110804937,0.008357654051882225,0.0010533618016192088,0.00034972098923642474,3.8790813553353286e-06,1.0329817488674347,0.07434081121567382
5.34126695990395e-05,0.14524322762081077,0.7492016790606264,6.395689958065307e-05,7.675015977143017e-05,3.7056258910359764e-05,0.0031383056975646494,0.12265134899185232,0.0860519798876388,0.0006202798267860142,0.0004902643885759633,3.156772030354313,0.016975403314968343,2.289882596485458e-05,4.4595160404716266e-05,0.007433592012261322,0.009804888550835136,0.0042939492431126,5.943847606888762e-05,1.4152865596386371e-05,2.3477741569628163,0.42945449780030165
5.385194595862431e-05,0.18795391261468591,0.6290021504698328,9.909473715392344e-05,5.556327419964167e-05,3.2699721486459e-05,0.02655121817018206,0.1323811281180309,0.0379764956608385,0.00036045136819405974,0.0005404080694205347,2.697740319441402,0.02435617090156987,1.1386431552529796e-05,2.3462095051583056e-05,0.0034126517194029886,0.009999958123612672,0.00434004775635655,0.0004768685299737896,1.2163163440010068e-06,4.604283833807429,0.5047560765880781
7.149399167793308e-05,0.08063297701093974,0.4148998571692446,8.893017921799331e-05,7.971429494626927e-05,1.6164708744414634e-05,0.007349475644194371,0.1071986805344582,0.1005699457283269,0.00048702394274909136,0.0018069078728964742,1.8232212446521978,0.05371731045208567,2.6463826848854493e-06,7.388749092665272e-05,0.0033633283771818913,0.008023240350603615,0.0025814662269707,0.00019976776329995547,0.001316572430544929,1.2011876743259737,0.013600116827436054
7.43042199466462e-05,0.08063297701093974,0.3946420321913751,8.941501234666618e-05,8.05542065914517e-05,9.813770350383309e-06,0.007349475644194371,0.1071986805344582,0.09566823055003647,0.0004301555661022898,0.0018069078728964742,1.8232212446521978,0.05371731045208567,9.664125707106668e-06,7.697407456356572e-05,0.0025767127353431515,0.0064675684563391496,0.0026350460453369927,0.00019976776329995547,0.0003156676804272356,1.5543928039437918,0.003777204626957213
5.908689057593725e-05,0.19905596458305042,0.4734949779856583,9.009239088212729e-05,6.842644485877811e-05,2.8934809158010517e-07,0.027086095099824112,0.17227147103044668,0.07172457972464158,0.0002613674680425567,0.0006057765054160635,3.1117738567441284,0.1094512203054524,2.6010982488656485e-05,3.2563227108506216e-05,0.0013514714913576708,0.008482732838916021,0.004345017424200565,0.00023317731697705538,1.4331131013055719e-05,3.8117244363430616,0.21279100222234654
7.180507794946452e-05,0.07430530570553227,0.5526483326424974,8.670339506797142e-05,8.084902548560904e-05,1.6164708744414634e-05,0.007349475644194371,0.1071986805344582,0.1005699457283269,0.0005646515343729293,0.002387288684684541,1.8788153582247036,0.022567844664487396,9.999157660605622e-06,7.388749092665272e-05,0.0033633283771818913,0.007875712597461627,0.0025814662269707,0.00019728740066006818,4.863318833090661e-05,1.3955612973166631,0.013600116827436054
6.1005318632169345e-05,0.14421792941626307,0.28293510824673596,7.62470886339671e-05,7.820059623348984e-05,2.9857439394385526e-05,0.03542694927973102,0.12932295699585722,0.0938613071553489,0.0005448318559937587,0.000855857760973578,3.6441360670736875,0.07631164013028965,1.8899049867828444e-05,5.94629081678898e-05,0.0031490679149442286,0.009995335733134037,0.0024987011317744116,0.00016861691359462797,3.800771511889642e-05,5.028109579120718,0.02550013641015085
6.088532138192285e-05,0.18896290217174694,0.37678789343915836,7.482798716980359e-05,7.223554055303247e-05,1.07715756287428e-05,0.009377400575135444,0.06936001030349447,0.14095966893052653,0.00011120803658858066,0.00028992067710096497,3.089457959846014,0.4483562555377797,1.8376053239531204e-05,4.898493184466613e-05,0.004488950360506944,0.009220366171722017,0.0038286448385572904,0.00012191700398849164,1.1228279287045253e-07,1.128162730529893,0.4738139061582924
7.205576532671551e-05,0.09703932341691826,0.5450579949798635,8.470385386437691e-05,8.846404828042143e-05,3.212010202098142e-05,0.02289333479652892,0.049628645090145,0.10768620684061925,0.00037087550153909324,0.0008564695914010584,3.76931904329059,0.03833760776992424,2.1831047688002562e-05,6.422858961860177e-05,0.001548078018662987,0.008859027075853166,0.004450175071816918,0.00012393707687341645,0.000838075764799828,2.313350680189388,0.011975132387293613
7.833439375631179e-05,0.19841840215032922,0.6519112327779188,8.015041385776774e-05,4.354017774043383e-05,1.0181626176949091e-05,0.0035094007413421285,0.17842064988339623,0.05638827948551322,0.00034951150392026716,0.0001521175580611137,3.997106093881844,0.10733156298695716,6.324246859789148e-06,7.651514498881431e-05,0.0012238870661944838,0.007970467944483495,0.004538654189105369,0.0003059088407409536,5.137223236639875e-05,4.9421408876123625,0.07011971843334211
6.869359170989984e-05,0.1667530946514344,0.4283742680811323,9.788336336584301e-05,9.926457453973267e-05,4.9135027216428055e-05,0.010877780581967074,0.04595255930182864,0.06879402783264718,0.0003604518216923216,0.00015311983252657332,6.3082524589400215,0.017223257209503517,1.392149935335557e-05,5.9017949814362856e-05,0.003515307379786342,0.009538395549395222,0.004233926100841038,0.0002460564315013984,0.00042742241635117267,1.5992845449274018,0.019975258993707567
7.267481553293834e-05,0.15973964756951392,0.4934288437716101,8.001058633185244e-05,6.476642558503971e-05,1.5373723706713792e-05,0.014577353614259863,0.17781039962742407,0.05424243201439299,0.00019744995138898359,0.0001521175580611137,8.321621618948907,0.10601339678135102,1.1743424065115094e-06,7.289825817043905e-05,0.0012787026082751425,0.007920304611564398,0.004096163403229732,0.00030582025106339685,5.1673902334278157e-05,4.9421408876123625,0.045822592862709066
7.625316747710483e-05,0.18139087168664203,0.4978021198137128,9.340916854193833e-05,4.1223116886759855e-05,4.4372022076676446e-05,0.01986603737784455,0.19878221571424703,0.05525197762837078,2.758666641238236e-05,0.00043372240768784273,8.197450885334318,0.011263762511613984,1.655228507225918e-05,6.149671568526475e-05,0.0016704717030391401,0.009886542992255493,0.004221174204157848,0.00029894528255702493,9.233378353741331e-05,1.9432736901466356,0.07396163705393913
6.128178305891534e-05,0.13103018538262576,0.6345454012765316,9.299897446019031e-05,9.774587629125793e-05,5.8498102595610455e-05,0.01257705594238551,0.05396106774864632,0.06433486341119621,0.00011049291238652408,0.0006306935397579237,1.003936054612915,0.0092428087352138,2.2241426650938157e-05,3.419226075360864e-05,0.0034714141843677077,0.009729314305430059,0.0055367293297163625,0.00029812720411446884,0.0004477539226987972,1.5599389514702235,0.017400660560157818
6.021702069230321e-05,0.13064366418844203,0.6295387010413911,8.130074671670335e-05,9.807947215870045e-05,4.606050446860355e-05,0.010877780581967074,0.04524852543027284,0.09432915423441476,0.0005346055823469579,0.0007008905906132947,6.2323025834419425,0.013903916558524647,1.4206849062997547e-05,4.8490317432997725e-05,0.003605280360917064,0.00961040812128855,0.0042211777348806845,1.0349668969605207e-05,0.0002615507961678235,1.4112862452879784,0.0005385542498766611
7.127324633874548e-05,0.04111828406078606,0.04554684368156914,9.909396669085799e-05,7.047047171582589e-05,3.375443204503038e-05,0.005034001845581835,0.08216320981854211,0.058316982601076185,0.00018008424972225173,0.001973265578920804,3.4059567544623084,0.04267663678974014,2.1324970966516533e-06,6.316235181469332e-05,0.00444021172225263,0.008104560721280232,0.004793859182024638,5.531364387985719e-05,1.6795141663794754e-05,10.219451214024204,0.16518319264928155
7.387266946763195e-05,0.12635265391134393,0.32924707355076466,9.468351109926216e-05,9.811741296552148e-05,3.703000876839591e-05,0.0018610308646392995,0.11301775315386957,0.13080703482146652,0.0008763894676705929,0.00024214364754421075,6.151960187939798,0.010088181321939265,1.792827729113579e-05,5.657482471098545e-05,0.0030204290088819983,0.008636335791008547,0.004511149977306815,0.00030156259193374037,0.0018846643962494919,1.5678693751620116,0.005863896657077386
7.785697133039266e-05,0.14808715970856534,0.4990768563953497,9.36015984587057e-05,8.852667972680091e-05,3.899362562068084e-05,0.019752619641399266,0.19028778685093953,0.03637752417072739,0.0009763375749838855,0.0006182037654587854,3.9254255139085283,0.20316357146578198,9.278403541908514e-06,5.568808087297227e-05,0.0002305208229296946,0.008206025008609863,0.004356882001077232,0.00036023523977430613,2.150726968540884e-05,1.4921280670051922,0.05017751980858251
7.786438669068133e-05,0.04594796284335255,0.3729244827678613,8.478002967381578e-05,9.7213150396438e-05,3.095833160817995e-05,0.0297089420414686,0.02071883718328895,0.09221639037574653,0.0007263144027766567,1.5274791563595774e-05,10.544244314005406,0.29872104514337017,2.304586286402813e-05,7.262546425901787e-05,0.00011614619591226549,0.008332643639921169,0.004953504738012629,0.0003250887483526689,0.0006339531371027248,1.5302425789679224,0.012068284532484787
6.0646659383501666e-05,0.1378872064868743,0.0864328781443009,8.108389837434727e-05,6.030955066026639e-05,5.1777624392891194e-05,0.0019418752367729797,0.07897622607062066,0.03309169853036245,0.00012722769011980846,0.0007381142870903875,5.004346252476894,0.07453716050312137,1.3498101372759913e-05,6.320146068701622e-05,0.004669881634718354,0.006247331029545703,0.005023449163717597,0.00016947126557472723,2.0921276841955703e-05,10.529534623525524,0.07422060838187977
6.89602500556776e-05,0.1404441948481826,0.7993308023394169,9.741765220826655e-05,8.887093201886907e-05,3.3570356444799395e-05,0.024140206340221376,0.09439127615166679,0.07508801674971477,0.0005639885789490988,0.0006383616316056684,5.521490483062026,0.03924726229324557,3.8362397060157705e-05,4.973832155632569e-05,0.003021771708796007,0.008563671116927305,0.004545121371562,0.00043993764254363055,2.0913403844880718e-05,1.028761497181276,0.07011971843334211
6.421749957180909e-05,0.12278412786043333,0.7984527213400695,7.118677034774517e-05,8.524210134851608e-05,4.0803178311831916e-05,0.01882860923315967,0.17344869403972368,0.04565758033931472,0.0005031346338391196,0.0008345985818921408,5.161022003481646,0.07453156054317757,2.077261184979071e-05,6.164823583693883e-05,0.00017065173846884528,0.006643770783645369,0.00409050892397801,4.966729411814248e-06,0.000616421329521723,1.550613636363981,0.029190386198657013
7.624499967831908e-05,0.17107437779572143,0.11274179654914046,9.95843293494129e-05,4.279426555217442e-05,2.6521401571008074e-05,0.0156252966726845,0.042684685156655106,0.08549132094420908,0.00027498726971705606,0.001643762506636524,2.1876761778236613,0.023226186729911336,1.1841697196965819e-06,6.98309389604491e-05,0.0014162025748464123,0.008771361124100851,0.004098360664331747,1.6315242443713402e-05,0.00011208223417107315,1.6224644566454396,0.006876643448237329
7.675268884784034e-05,0.12711016746131842,0.33843841432428934,8.511305691592034e-05,3.880058097145502e-05,1.9231599542875706e-05,0.022649566644562802,0.19987570952844183,0.07144010773269655,0.0008426421858312232,0.00203224877697756,5.205949818353127,0.003834089381461181,7.510672456222346e-06,7.420839364790867e-05,0.00037495793852298685,0.00842976979587635,0.002800563493502703,0.0001848943284063031,6.969804664816443e-05,3.1668122113094217,0.055515252813858176
8.269019471717871e-05,0.12082611699754887,0.22744564030781506,9.163032575573437e-05,9.788111538701801e-05,6.452437831888587e-05,0.010312251205555784,0.16024154862513618,0.0566126964269182,0.0008835084643736638,0.0007688400980370098,4.043986713396175,0.0381168525035202,4.8815446169770904e-06,8.764893911563549e-05,0.0003112838946043045,0.008592666893349081,0.004950462228248044,0.00021225444985017126,5.676438757689038e-07,1.0206760397529293,0.02994689874217403
7.001140970397137e-05,0.03321111405325242,0.5226226613781425,8.229589727661565e-05,8.413851246731994e-05,2.453628814459712e-05,0.023643289053062424,0.10225574941850091,0.023437538445692546,0.0007890070233240942,0.0013801071529898853,2.6378867590542363,0.05103480382699975,2.2145922106217882e-05,5.155219157171758e-05,0.0009103566116167914,0.0068862803785545035,0.005515872689827137,0.0002792048171770846,4.19382150527988e-05,1.0590682583111781,0.0063605846753187895
7.0234494861254e-05,0.14808715970856534,0.1014934568789872,9.36015984587057e-05,8.848961619957045e-05,3.2975615842800165e-05,0.019752619641399266,0.1987500524019956,0.04011055603346709,0.0009253687390321516,0.0006182037654587854,3.945806872214158,0.20825402115801323,9.278403541908514e-06,4.7972921524390305e-05,0.00024443765921459374,0.005927057297593508,0.004344324282719096,0.00034039999780922274,4.995068594196289e-06,1.6153334044155478,0.0013175944176766956
7.032586517149269e-05,0.12261726208480195,0.14372342365337698,8.641149864959821e-05,9.614992830049469e-05,1.0037485378879063e-05,0.0012484305872159235,0.05825117278485634,0.10715932239801254,0.00031072362860881496,0.0007492512290104829,1.9776942680953278,0.10076306466631933,5.754811612648974e-06,4.720019695960282e-05,5.516740154679078e-05,0.005989294894582881,0.004317848368917235,2.5000823524212247e-07,6.116945289281989e-06,6.884443777001766,0.0010477288879356251
7.0234494861254e-05,0.14808715970856534,0.08131642433979011,9.36015984587057e-05,8.848961619957045e-05,3.635504713731298e-05,0.019752619641399266,0.18643469505530935,0.027374162709358968,0.0008596994546034543,0.0006182037654587854,3.4714841366198383,0.20825402115801323,5.5445729703214204e-06,4.918477121394383e-05,9.720369880941504e-07,0.007643048928702162,0.005091593781554091,0.0003078787764896118,4.995068594196289e-06,3.0387399263922372,0.0013175944176766956
7.487382272254498e-05,0.12383906662640046,0.27856716611537197,8.918099170846618e-05,5.8442266822042705e-05,5.207420739157564e-06,0.0013778989119793937,0.04611032098819336,0.03706623786932024,0.0005336295131751201,0.0007494211131660086,4.400849626100567,0.13333939654045152,9.052959190479784e-06,7.015132214958737e-05,0.0003791566535172929,0.008891247301025357,0.005690170402219914,0.0001921483777957341,1.1586745997309059e-06,5.810710982327712,0.13359586712980062
7.789821360097631e-05,0.15102330801161468,0.5259298522813364,8.68232596987214e-05,6.9658577122059e-05,3.8734485315897975e-05,0.0014774016795069279,0.1721523360556229,0.05811138947907456,0.0004733041454545952,0.000612341784298533,1.2973619331089745,0.28877107813335257,1.854998018317951e-05,7.332557124087633e-05,0.004162284255428017,0.007965079697965423,0.004325339178525985,0.00020082665962417882,5.234600596871613e-05,10.177771260107821,0.022242430964871475
7.852903648402527e-05,0.024922017778595065,0.12585823162814652,9.986477192073999e-05,8.280734050153456e-05,1.3522533361005725e-05,0.0014343873914202396,0.07658030019765039,0.06276030512428793,0.00019027512375888829,0.001973265578920804,4.298484817416446,0.03450816079546373,5.625701729696786e-07,9.049164970566841e-05,0.001285624923218411,0.00998013389362319,0.0055613276886602525,3.450359642969975e-06,3.005665558515798e-05,8.38929617201756,0.025521181881876444
7.835780207257492e-05,0.0896774318992082,0.11159145035428938,8.460941269790886e-05,6.814597978010891e-05,3.9172893410817396e-05,0.0058475925011517915,0.15325817853654616,0.02764602636652501,0.00030373030918184185,0.00019738128122978813,5.692452097338018,0.13360496285382573,7.882184290844199e-06,6.282064698889155e-05,0.0005749124831884146,0.00849486150306893,0.004667751080223961,5.441824958808743e-06,3.359448068638985e-05,1.068611664367541,0.15010032429727688
7.283672389191132e-05,0.17807456916431216,0.07208853726060402,9.856829321746949e-05,9.723869482299499e-05,5.891294141770141e-05,0.025111869152063156,0.09694863996638299,0.023146200142438237,0.0009329418286237691,0.0006220069565955116,2.268281351961404,0.13697356058297683,2.4971066711920007e-06,5.041820898046055e-05,7.393519878008727e-05,0.009898145168296185,0.005064021790812116,4.2789217987382245e-07,6.485323549361245e-05,1.6153334044155478,0.0005289860247121534
7.883541872670457e-05,0.011654230344322454,0.11211436384273632,9.884939005084102e-05,9.912146168504291e-05,9.227753820675968e-06,0.02927538449152746,0.0594172698857869,0.0748005703722707,0.0005859462341254229,0.0003171574152775903,2.97822921618555,0.034079239383037356,5.4398581704695035e-06,7.120100984006645e-05,0.0006710792972604501,0.00900743421412304,0.00585115512732955,0.0002687946022315973,2.926342934876666e-05,9.988230207252473,0.028002003609260376
7.554204162678044e-05,0.026397781323710137,0.0999999366972345,9.60580070676104e-05,6.65775131121115e-05,1.3070689933473435e-05,0.005034001845581835,0.07244617182890269,0.03763423785014242,0.0006375738213782714,0.0007757289369291313,3.5995616752038977,0.03450816079546373,6.047375210419647e-07,6.522359262306299e-05,0.000837918964915408,0.008972239704913329,0.00449869162233159,8.421318114068733e-05,6.269734242491664e-07,10.17076349295093,0.6614872008870963
8.391082975973103e-05,0.13176357155267726,0.46762285419499733,6.608094347607338e-05,8.370932765791315e-05,8.276571091081204e-05,0.009945479006315703,0.06158366175461771,0.12994812540393713,0.0008043215831701983,0.0006370945847544646,4.919330035338398,0.033301496422566176,1.5568010889548246e-05,9.58590212279783e-05,0.0006779558481175157,0.009194135999940381,0.005097159530806086,0.000279855180083573,0.0003405844505561483,1.2251616294728436,0.01211330557485599
6.815154509306924e-05,0.14466005438171756,0.23351354268821906,9.920665026737127e-05,6.730187361337517e-05,6.858276007196914e-05,0.005893772710968389,0.01979404501609329,0.047106564817403114,0.0005257852666637129,0.0006419974538743078,2.8294343999080023,0.13608358527945863,1.6602366223797132e-05,5.830517234777939e-05,0.002913321211932693,0.009959813104502887,0.005211857565036675,4.466318185762419e-05,0.00015650794540580273,1.0419136045609032,0.007632391636289615
8.158283810690527e-05,0.11154035404681291,0.25961903572770834,8.669829950761136e-05,9.68130317220853e-05,1.8496528428235807e-05,0.011146352292554784,0.17182391921737078,0.03282162547025809,0.0006122910705636324,0.0013305411420444573,1.8405903594320356,0.12501704199877345,2.6096051025378688e-05,7.161177818844236e-05,0.00015399676005109644,0.009697557733468254,0.005824173844179034,2.790936626770602e-06,8.540794479124276e-06,1.0123105622022965,0.3658317042438885
8.261877749967947e-05,0.13525315011801514,0.38290989114803414,7.200599994073746e-05,9.51203346616941e-05,8.570334907661691e-05,0.014201365535589358,0.1907114156268198,0.01011436859505472,0.0007259050979501124,0.0008431826464887382,4.93028570197172,0.04300780943456894,1.5568010889548246e-05,8.580104039626392e-05,0.0014810174321080922,0.008013524271986195,0.005400522705967651,0.0002784774772296085,0.00033736042455682284,1.420337535292755,0.0033790242187011262
7.851760571553492e-05,0.021249407171565406,0.18365659123604938,9.986477192073999e-05,8.156190482215705e-05,1.2131017230737307e-08,0.005551628707412116,0.07658030019765039,0.06276030512428793,9.129043231834839e-05,0.001973265578920804,4.840643249895864,0.07888029032599224,3.4657629739964776e-07,7.47443706265391e-05,0.002429472538063788,0.00998013389362319,0.005087469113450316,5.227417355889094e-07,1.9177721705802745e-05,8.328561488451752,0.023617556575048555
6.815154509306924e-05,0.06968598417528629,0.10586725906263825,9.455607227002625e-05,4.9705208906929e-05,2.7540491455168466e-05,0.008992594230539698,0.01979404501609329,0.04698433414085237,0.00035232043524394114,0.0006855349597883097,2.218335479202122,0.13616272048163136,1.6602366223797132e-05,6.962761091349853e-05,0.0032781231730888423,0.008071815502158818,0.0054093423849340145,8.247367377144138e-06,0.00024848074373444396,1.0419136045609032,0.007632391636289615
6.911489806073621e-05,0.14616477553894658,0.22356564967904957,7.382860454667768e-05,9.233902776322744e-05,8.534487270524154e-05,0.00847299155865553,0.16198556939878894,0.04338515759262729,0.000954680738842132,0.00040537632081796463,3.5281925408070487,0.004188316366168884,1.5129462814334473e-06,3.7136498054546984e-05,0.0015668605765300518,0.008611905019668194,0.005029394494709438,0.00027950710161912497,1.2194695179136855e-05,8.571612341345167,0.02542264077213281
7.770147960002372e-05,0.028650621449609927,0.03716883064783426,8.618883345379259e-05,3.105160018679655e-05,4.4032459303465054e-05,0.003010973379211259,0.014092296373186576,0.07323313436309276,0.00020896788930029438,0.0005891705893902207,4.298484817416446,0.11813394433086671,2.4288185939744156e-06,8.171703665987463e-05,0.0018411401616971372,0.00944499479945129,0.005939070229630531,1.8746616722822025e-05,7.559858819346002e-07,8.443298897865919,0.039990135095979734
7.76162238055105e-05,0.18663689989586418,0.11056135111174033,7.721321407403765e-05,2.76487784537409e-05,6.919035789007734e-05,0.004728060144914637,0.19219793300677765,0.018902043588113905,0.0002795685736888383,0.0005387899076538452,1.5005527002540704,0.24565661584285878,1.60091057131189e-05,6.491048993969348e-05,0.0012311235870270118,0.009517095652966568,0.005857441571316062,2.4220548551843555e-05,1.2585886208414221e-05,1.7565880909352192,0.025595743390121255
7.583761634723524e-05,0.011654230344322454,0.11211436384273632,9.486781877738777e-05,9.904804108406027e-05,9.186883772569744e-06,0.025232011925006494,0.0594172698857869,0.08355499029184707,0.0005716991691955065,0.0005832470525885281,3.0429715637425065,0.034079239383037356,9.1879671208299e-06,7.462997301880043e-05,0.00035654386767124477,0.009007815427752953,0.005370791911483202,0.000327605366025524,2.926342934876666e-05,8.603449208623978,0.09878567128498911
8.155368600550248e-05,0.022736572725964202,0.10708033165204876,9.483519517929624e-05,2.5827224491999804e-05,3.438286388847258e-05,0.0062291333839486675,0.017585175578333438,0.09483489197446178,0.0004389914039085946,0.0010499019076489167,1.3124200997330413,0.07592352983345224,4.2944986939295945e-06,7.181411483606305e-05,0.0004290876315421428,0.009697605753776116,0.005837731963793066,1.2997415965878876e-07,2.9359130959433186e-05,13.20180123086883,0.03160834087191588
8.318416018543895e-05,0.16414486978248558,0.09161904486455141,9.382112470904442e-05,6.261568588189082e-05,6.53910780814073e-05,0.01562592165699598,0.03927660499318117,0.09406096226962832,0.0005769480657906965,0.00047787909392533524,3.613601436881926,0.026905021616846526,3.0250368598712554e-06,8.746996719309634e-05,0.0018132383948120418,0.00789717051027231,0.005587435123926678,0.0003144209135571471,0.00014109037481276762,1.9095133414591108,0.046222940723282153
7.369930569326984e-05,0.02574342488490315,0.19029057946443442,8.81248930953993e-05,9.37738934520772e-05,1.3635579494741033e-05,0.037972044599955436,0.07340098057176604,0.06864052597752246,0.0008741893428999099,0.00047292444901990264,7.773843701282178,0.05114363061757972,7.27458892875779e-06,9.940601538431317e-05,0.0023341706594713256,0.008669248462387586,0.004654876588955213,0.00025420199518923025,0.0004637989167718318,2.933981093915736,0.007642615757627938
7.808135094856014e-05,0.13224104280973273,0.16179380626447976,8.92528393246453e-05,3.1891595578145704e-05,8.005085585135728e-05,0.006713057103910784,0.06950905165207787,0.13640306706363017,0.0006700228040090021,0.0006044255998699942,3.622581618605642,0.1353367673344116,5.601752726000292e-06,6.155817887706488e-05,0.0010775882551775607,0.009977464810717046,0.005211857565036675,7.244358218838235e-05,0.000163070017116253,2.761715456056429,0.001300372895329175
7.91096528639689e-05,0.08837505480108548,0.18659938077587482,9.82560383435511e-05,4.855325525044566e-07,7.781420264586006e-05,0.010909103026938344,0.03551254337654841,0.06845337494184657,0.0009313163338220742,0.0005930264064350624,6.137192848156307,0.045551389972076334,3.4083906792861667e-06,8.983135584001587e-05,0.00016932250389429322,0.009640547384162675,0.0053349674393169,0.0005595986269461515,7.494480239302059e-05,1.9023580481734257,0.003649339261248127
8.470028804442529e-05,0.05303208050458676,0.46782907351914615,9.009365389795964e-05,5.1195148739015886e-06,1.867532338545481e-05,0.016055865658124804,0.16174357756053978,0.04032129268525604,0.0004525129629613852,0.0005912114600883521,3.8080481243851443,0.0997583548870159,1.5316654134939944e-05,9.051167988601659e-05,0.0012931515178846386,0.008237813455499076,0.0054688809717517535,0.00015126366270459742,0.00024875643339599806,2.1159571493414857,0.017002810488409712
8.133694318570466e-05,0.03409387464581809,0.04105266652886869,9.486989009184858e-05,3.037920803535697e-05,2.2368073076503328e-05,0.006186720503854539,0.007178545931280064,0.08054022387267783,0.0004389914039085946,0.002466204527405414,1.3124200997330413,0.07592352983345224,1.4245329905325805e-07,6.931054941578828e-05,0.0004290876315421428,0.008405063634869987,0.005547098525043248,2.0820614409148867e-05,3.266292791549259e-05,3.195264292753052,0.03160834087191588
8.302479148579098e-05,0.14136315132977997,0.5528571151338123,9.764468674237732e-05,7.745446868856027e-05,9.159391473333865e-05,0.04137318521064169,0.08891415494070937,0.10030307990019954,0.0006929089647763995,0.0013147876116197008,1.8938511350569713,0.01992881226271472,2.636180721475742e-05,8.877174127291503e-05,0.0013897909098111103,0.00941606877991941,0.004968399254614888,0.00015640717673863204,2.4830659630634448e-06,3.590575163330467,0.010583075083990567
7.828079247342034e-05,0.16651705090854813,0.20579342940159984,9.941449083102046e-05,9.915998111981511e-05,4.810349246364186e-05,0.002527324784246223,0.03066275509535167,0.08785539013991081,0.0003043686177745291,0.0013786519800969004,2.9261321524057506,0.03731598597825185,1.2121631861243918e-05,7.971074966255552e-05,0.0025299951784092597,0.009111861734658347,0.004399704658094167,9.808232323325903e-05,9.552357308697581e-05,2.730595572316181,0.006252420462979627
7.828079247342034e-05,0.1469366806905652,0.17667006725830453,9.653737541898996e-05,9.555268237826135e-05,7.820066617499267e-05,0.005339517338083233,0.026120216385598832,0.10899333009554156,0.00037713746099134887,0.0010606332961628747,4.724921761117318,0.018293994314737626,2.0635115150511937e-05,8.123961807546724e-05,0.003022254513745127,0.009111861734658347,0.005230986753514195,0.00013595091570199177,9.552357308697581e-05,1.5410298599015215,0.0053469674445990045
8.081265270175478e-05,0.010111221038220888,0.10275605261703809,9.899486175676173e-05,5.8076669985891566e-06,1.0551094069750492e-06,0.02370192804919305,0.02740439262475404,0.10055589015922015,0.0006736034631267434,0.0016330671699317206,1.695234345673681,0.028222951009019948,6.911590207763563e-06,8.78271569603085e-05,0.0010545141459602553,0.005300981998496647,0.005710365174101141,0.00018889259917315133,1.0101176805110354e-05,13.471317770448382,0.08387029211664351
7.828079247342034e-05,0.16651705090854813,0.14102235622485337,9.934240860254438e-05,8.13265768161142e-05,7.501848363349072e-05,0.010297262034600393,0.02327543771501047,0.10146555191109848,0.00035144912854150057,0.0013361892370035698,3.9828562712501423,0.017629787399379288,8.62462179342986e-06,7.13009509361053e-05,0.003070397327279228,0.00974910305149626,0.005256268216068322,9.489803918000768e-05,0.00023309655251759598,1.5410298599015215,0.006252420462979627
6.937968524513051e-05,0.0670237139344875,0.28975592429038344,9.47650284652291e-05,9.892110431147284e-05,3.062970999370208e-05,0.012472837107037704,0.02830983064828841,0.1061617083705963,0.0004823768398289957,0.0006156734304990081,4.384365197783453,0.1496449692449578,9.373366185519383e-06,6.112430434312106e-05,0.001240080020771273,0.009923995397413763,0.005291833259526458,0.00017431116223919427,2.5157975098036986e-05,12.986747323608842,0.0017497258340941008
6.912276569398812e-05,0.03932593102568101,0.28975592429038344,9.943913471880277e-05,9.892110431147284e-05,3.0815132249451274e-05,0.01790562450772585,0.057573221831683126,0.10978304649883167,0.0005966051476139482,0.0008263475725254123,1.0171409757045948,0.1624605955334094,9.373366185519383e-06,5.892896543387651e-05,0.0012521626940812216,0.009534791966109405,0.005255717786155041,0.0001296529020351632,4.647426954210923e-06,12.6450583051322,0.0025696184653099074
7.589180204097744e-05,0.09437430767540446,0.06341580434764557,9.35685721608924e-05,1.749985751589823e-05,7.973433732629407e-05,0.008380882896743656,0.16124660984538822,0.015278519362662585,0.0008426783291602493,0.0020614113855737175,1.1263548526231597,0.06341863834160757,1.691580518895661e-05,7.151349120993676e-05,0.0012564311550671086,0.009728842488274074,0.005626072086821708,0.00026106504930153935,1.8734762197969413e-06,6.041211652098557,0.1955640938951163
7.559314039185642e-05,0.12707152394857638,0.6870781977315626,9.795767112517218e-05,2.149626690758431e-05,1.4555185947585948e-05,0.000392350480352747,0.060393654658598035,0.09639720318009715,0.0002865792750214613,0.0006066886344763262,4.234561906005087,0.12025497238596722,6.537346685255333e-06,5.114745447879554e-05,0.0009885751780538566,0.009761464218756153,0.004645733882825238,7.765841548106522e-05,0.0006768909726637647,1.938591501267048,0.015330921962547067
7.989418991453732e-05,0.10173741568202627,0.04713486648229861,9.213466043434858e-05,3.684750546695857e-05,8.512312658233753e-05,0.018483560594772942,0.031119052125925396,0.0696493387370971,0.0009126361229368676,0.0015300773534254596,1.8377245633997736,0.037676934891780235,1.1139791742514725e-05,8.866171278633233e-05,0.0004381437392572327,0.006889552295236389,0.004689796978866694,0.00015593319173950256,0.0004883022887961778,4.328460209150993,0.0021323098400003173
7.828079247342034e-05,0.17408816979122677,0.053412038399489326,9.914543472350952e-05,2.1352631529951955e-05,9.131571891799224e-05,0.006208671965030963,0.02313172571696264,0.10751567160124327,0.000562063320996219,0.0015491650505608232,3.9828562712501423,0.018293994314737626,1.1769770656196829e-05,6.110042547259941e-05,0.002601974325903337,0.009133626289781214,0.005872175454773026,9.489803918000768e-05,2.6940340048211767e-05,2.158634765695328,0.003589950814538041
8.115948977160882e-05,0.09283400339470807,0.18726327612093527,9.340853171239278e-05,1.869913464952115e-05,6.392048245471023e-05,0.026366128482021363,0.14336439179505805,0.06848456929135512,0.0008388092466016076,0.0011024662134110433,1.02451752005319,0.20343760002580116,3.873187192983624e-06,8.560712297620186e-05,0.0014654817577044298,0.006587386462977112,0.00574638810780887,0.00014077244632084156,3.699869303025826e-05,5.346728004695825,0.07044769018904964
8.155368600550248e-05,0.022405069055076204,0.07698127621501588,9.690866360699791e-05,2.451837542315918e-05,1.1493123293157496e-05,0.0031434852159019423,0.017585175578333438,0.05437574014121803,0.0007480920903797396,0.0010499019076489167,1.163886534170033,0.05868825441509349,4.187173842511078e-06,6.967479417407797e-05,0.0009747258697581038,0.009697605753776116,0.005998574428152873,1.2997415965878876e-07,1.7411523408939386e-05,12.953641790771552,0.009614188431352262
7.997982112495675e-05,0.06388502680228947,0.2015042700019497,9.340853171239278e-05,7.538079533076151e-07,7.457305573798961e-05,0.008779718550384627,0.17217932022591395,0.015641247878861703,0.0008452413403581317,0.0022255980683432235,1.173994107234971,0.06774183665715397,1.704975135795479e-06,7.497190881568812e-05,0.00227709910818098,0.009816809212187265,0.005626791955332409,0.00014925547649525058,1.0030275605874339e-06,5.1467065497873765,0.26739490328604404
7.544958858141568e-05,0.03932593102568101,0.3486022251706923,9.952605586697445e-05,1.1188879913325455e-05,1.3578132925367497e-05,0.01790562450772585,0.10686370774086262,0.06876928773099814,0.0009364308207579187,0.0008263475725254123,1.0044403662611336,0.0836460794993343,1.6783749585063892e-05,6.438465826082294e-05,0.0004556836915363367,0.009534791966109405,0.004958962692830999,0.00012131617635536872,4.647426954210923e-06,4.734938652205581,0.019850140136590796
7.88350776780075e-05,0.07526527812988948,0.20360514394303614,8.917760763219761e-05,9.761815594760313e-06,1.5127844714105957e-05,0.008767242832320787,0.17428271809190485,0.024710782731188326,0.0009433719305185059,0.00229415834344453,1.2927447411510564,0.061738223252272385,9.147706963506269e-07,7.298179364247492e-05,0.0012269372339794179,0.009633011262907349,0.005626791955332409,1.0721721086011524e-05,1.0030275605874339e-06,4.873602726640461,0.15763302262453527
7.316635125166179e-05,0.14583731464533287,0.35731111852912384,7.9681601849757e-05,7.759300571899364e-06,2.8152761749786517e-05,0.003912157660856662,0.14337842805027684,0.08693994833619043,0.0008283901319689276,0.0021450735999166905,2.036001709505221,0.030763444217961438,1.2761336954296972e-05,8.341031728996708e-05,0.0014787108182137997,0.0076493812362358245,0.004751419286646048,0.0001314836527657258,2.5113239262853753e-06,1.1297183458128943,0.15552843856753523
6.222922425122846e-05,0.04673376440593967,0.09287086649607704,9.511869239961737e-05,9.548195125202167e-05,1.8837583756779165e-05,0.0017289020933112522,0.18354143337570902,0.04550663309676496,0.000329381353523658,0.00035646480158805344,5.407610696596949,0.1929391593396568,1.970813507709061e-05,4.735821570944128e-05,0.003332863464826237,0.0075160436467952285,0.0050143117593082365,0.00042255776237811376,1.8168518748234716e-05,6.0874777818837345,0.044027664430735566
8.117643883886674e-05,0.0830370191253179,0.2554890664903736,9.340853171239278e-05,9.423585821319978e-06,8.165698235981461e-05,0.019205400919998478,0.025315792134123966,0.045550336010720324,0.0008426783291602493,0.0015619696868004562,1.1461675107567495,0.15127364949148148,2.5666232443424505e-06,8.560712297620186e-05,0.002281440389385576,0.009238379673083405,0.005443170322801127,0.00022585518180012285,2.5528297835632825e-06,3.7088893390766944,0.1843322822789796
8.260308993035129e-05,0.05336357990768764,0.08369155910882578,9.848577673397071e-05,3.18707585187466e-06,3.460573797616607e-05,0.02112597790786347,0.06348727472515825,0.07045644617983761,0.0008470135373756156,0.0018724880231010814,1.1035768578281697,0.05507070680712007,3.408316701849565e-05,8.593820326882076e-05,0.0011453408438775485,0.00991830101164565,0.005229574390451719,4.375691797440398e-06,7.599393157089914e-06,6.182174405037955,0.00132133790767684
8.059105516843306e-05,0.009456170870428372,0.14126817449977064,9.256827125092848e-05,2.7347173273439793e-05,1.3898587228760282e-05,0.018150411853482734,0.018466091871541565,0.056101066033825024,0.00032460967221208516,0.0012309976907274006,1.9065115681643814,0.10435723064427749,4.4547233381770575e-06,8.766005184998776e-05,0.000936291373630146,0.00997950649873451,0.004141147790451998,0.00016179872238354442,4.096773983626792e-06,12.97444575768957,0.002203961645286607
8.155368600550248e-05,0.015946608703591384,0.24361470944770094,9.483519517929624e-05,3.0284153759888007e-05,6.038853261604431e-05,0.0009408564535359739,0.019495081956147825,0.0904818391707168,0.0004642042324693409,0.0011724108849502277,1.302497599112237,0.07251879055042951,1.8845638323709155e-06,6.353423805799974e-05,0.0005134377332348055,0.009642734673229628,0.004450648789774199,6.641432134879614e-08,6.028033594110824e-06,1.5345469807852785,0.14085610410514238
7.79592394767393e-05,0.005516114832914774,0.2444548276890397,9.943007705345285e-05,1.0944111717181213e-05,7.834300440068399e-05,0.003223893991476914,0.16124660984538822,0.024710782731188326,0.0008124986296822121,0.002077027741344404,1.4544826883805189,0.08716743876619693,8.874172547401763e-06,8.516034101132739e-05,0.0026872451098232213,0.009693180801584097,0.005621686196251987,0.0001992725782494474,1.0030275605874339e-06,13.50748405488566,0.1843322822789796
8.693005996481283e-05,0.057961642722718414,0.01899776781155511,8.601095830966267e-05,2.7409631856894532e-05,1.6707779225956507e-05,0.009138024571968694,0.08072467803916578,0.10929853938505703,0.0007367378912073792,0.0005817499230106268,5.283825592697029,0.07592352983345224,3.907277622999709e-05,9.582742810354495e-05,0.0014331146478422237,0.006356935104644263,0.004023997080909996,0.00014850505276361938,9.980433846782057e-06,3.5191520193507686,0.06116108674076197
7.480363847543522e-05,0.03932593102568101,0.2713905684677591,9.481444494494911e-05,9.892110431147284e-05,4.026303531307135e-05,0.019048496874789392,0.06616007320907327,0.10978304649883167,0.0005680981994800058,0.0008420609607185233,1.0223049095565226,0.1624605955334094,4.572719756208145e-08,5.895967925165725e-05,0.0011806304854005568,0.00969706519618514,0.004919957049505608,0.00013415320595298354,5.402215522128939e-06,12.6450583051322,0.0014965276901823248
7.519625448634864e-05,0.055687287291783585,0.17953442678107162,9.009368331843278e-05,2.1129790057534948e-05,1.3697690753266246e-05,0.015291795097577563,0.10354984687848853,0.07238781957053014,0.0009364308207579187,0.0017772874837070646,1.0044403662611336,0.17238551631566917,1.9409281131696434e-05,9.100718107121009e-05,0.0004556836915363367,0.009860275546901413,0.00569623781426988,0.0001947503748501842,3.771191085924144e-06,4.734938652205581,0.02014347796139064
8.384251663563454e-05,0.15783935956663517,0.33481851395923434,9.942797146303273e-05,4.467998407562029e-08,6.814950372653778e-06,0.015655333552081797,0.11016412724877346,0.08367892557856586,0.0009541324718042765,0.0012874184591566934,1.550332709788545,0.031952002927882237,1.3400372071937622e-05,8.23631901676404e-05,0.0015220746670260767,0.009968031086704328,0.005678809634085484,5.9141063267555354e-05,1.647871454651738e-05,5.231837927284109,0.23584163396668176
8.090713173407308e-05,0.16325645520250964,0.19092719050338078,9.34828415362013e-05,1.1776748593060154e-06,8.471823583667418e-06,0.011913491326737684,0.12786145269512125,0.07020382152004394,0.0009561416893403048,0.0007712972735597516,2.3752019778640943,0.12232336838750979,1.000462005312859e-05,8.447010752403352e-05,0.002620253698758354,0.00940799715173054,0.0030921473271122877,0.00010195144485031224,2.4676186889483007e-06,1.4284118965889803,0.13426011999473578
8.342219672541307e-05,0.027622640115518036,0.07704099956506294,9.83426761103161e-05,1.749618056575916e-06,7.287918753227619e-06,0.0020655483090245876,0.07798073911651485,0.06237081946836609,0.0009606074517893844,0.000871191976166276,1.163050167172502,0.1961952911406073,1.3400372071937622e-05,9.146770412918437e-05,0.0015220746670260767,0.009875118876559306,0.005064381610425066,0.0001089397146924162,1.6685688874969804e-05,6.49522138863442,0.014758593863823307
8.768897504597651e-05,0.15783935956663517,0.5178886368528373,9.942797146303273e-05,9.10649549927439e-09,5.933412620257146e-06,0.015360848086968117,0.08687941649676365,0.08331373382827824,0.0009656073339091508,0.0010962987229731686,1.0053988113406065,0.031952002927882237,2.6281712128546325e-05,9.182090376143233e-05,0.00044592632347427745,0.009968031086704328,0.005678809634085484,6.582501497493817e-05,1.647871454651738e-05,5.498297760152052,0.23584163396668176
8.038911148381211e-05,0.019698418222331773,0.1608219401203189,9.264248955197491e-05,1.0013047583099638e-06,2.5442484731568874e-05,0.012046688795379644,0.12197349639455814,0.07114362664504752,0.0009466525490088174,0.0007528666207820826,3.2445144255668152,0.12232336838750979,3.346249840094198e-06,9.141291290702103e-05,0.002620253698758354,0.008803669824130715,0.004743735061122483,6.815937901614586e-05,2.1103002699562976e-06,1.4284118965889803,0.13426011999473578
8.35945197687766e-05,0.04095693883203463,0.3374435100484865,9.690414287929579e-05,2.1129790057534948e-05,1.698294263674627e-05,0.01374687233244014,0.036807547325624794,0.10607035960382011,0.0009163479613214201,0.0017772874837070646,1.01157302936636,0.17901714313831416,1.9409281131696434e-05,9.5809177954439e-05,0.0004556836915363367,0.0098367557247002,0.005694763266107605,0.00010007467801290793,1.7641314268879206e-05,4.734938652205581,0.02014347796139064
7.877597623113731e-05,0.08551028750500199,0.3391477346784961,9.004080839859295e-05,1.1588189419178943e-06,6.791400095107306e-06,0.017622254506999658,0.11016412724877346,0.05948073921752695,0.0009998607596584208,0.0012874184591566934,1.6496416234221403,0.1228884760648422,1.3300502946613393e-05,9.665542732934663e-05,0.0015220746670260767,0.009978891368801842,0.004122237801359518,0.00010364618720967001,1.647871454651738e-05,1.4388317715918704,0.13798588448883278
8.162315223743174e-05,0.14872457573389355,0.33481851395923434,9.920328975442043e-05,4.700521050759018e-08,5.581969740368936e-06,0.016856271444671892,0.10399597385309083,0.10040209402595282,0.000877397849558638,0.0012641992922793118,1.550332709788545,0.031952002927882237,1.4443647009963928e-05,8.23631901676404e-05,0.0013543983859670477,0.009962672386096638,0.005030456002386817,5.9141063267555354e-05,0.00015231060269322704,5.231837927284109,0.004922084593421222
7.05541321611818e-05,0.019681731163371387,0.3366200472026809,9.483625898873584e-05,5.258728426133107e-05,5.711395785066076e-05,0.011788173506947714,0.030639209798483134,0.0904818391707168,0.0006142638865766577,0.0015990218446875956,1.1065812431709359,0.053375859746511455,2.4248426626191472e-06,6.067813099955833e-05,9.266552510310121e-05,0.009697605753776116,0.004450648789774199,1.944818548737289e-05,6.417590309425832e-06,13.927704171571884,0.1604396910473136
8.219124708405933e-05,0.006561544118212219,0.299055747082385,9.523871808964493e-05,2.3933506664737523e-09,2.508053267503628e-05,0.019018525090057053,0.11812402577015339,0.030935710760803977,0.0006851192313085822,0.0005633590598914128,3.1200066142369307,0.21210820185269877,6.469514702674822e-06,9.584331498563702e-05,0.00014215890448630606,0.009490689527258435,0.00468264763619314,1.7988577064399532e-05,6.736440446115889e-07,4.458562422735787,0.005651037885649787
7.623540741882779e-05,0.11538116227570142,0.20208235585630163,8.012777406179878e-05,9.43318332560707e-07,4.2276606784495e-05,0.008472317317178134,0.19097596815247633,0.03637047033127787,0.0008403233227182769,0.0009503383525706159,4.3219001426666965,0.106793683434904,1.279895760957725e-05,6.274726733776752e-05,0.0003203263972231304,0.008179712052365912,0.0030562755398588497,0.0002040186558523645,2.33236964804399e-06,2.7066526791793435,0.0904990767486753
7.474428409270421e-05,0.019698418222331773,0.10854253377524223,9.729842076808138e-05,1.0417028433235204e-06,2.5442484731568874e-05,0.012046688795379644,0.12244390429356808,0.04552165793428597,0.0009466525490088174,0.0005726693989937504,3.1928323314865876,0.17918103608719704,3.346249840094198e-06,9.372718290123706e-05,0.0030726502780123134,0.008803669824130715,0.004736329567324619,0.0002795661782013111,2.1103002699562976e-06,5.339892887823997,0.235868077127289
8.090038680195975e-05,0.1693856260823322,0.19092719050338078,9.34828415362013e-05,1.1652218986908652e-06,8.13167041988592e-06,0.012045849395598336,0.12096305449735864,0.08000115481661901,0.0009566586156324968,0.0007715708824295766,2.1215191917195626,0.12232336838750979,1.000462005312859e-05,8.62974275823874e-05,0.002620253698758354,0.008823984279523916,0.004567634929725485,0.00010575183997866464,2.1334863192592006e-06,1.4284118965889803,0.05786927456681
7.99748302066154e-05,0.03749879822724298,0.21910128106661741,8.932300749877569e-05,6.508980003132071e-06,1.805970972711706e-05,0.014029221359327234,0.09340222537246731,0.02646564132847501,0.0009130343692458367,0.0012349408722019206,1.0077818115077215,0.12900007912347378,2.4831589481682156e-05,6.978323791859782e-05,0.001103521101770176,0.008554919743262123,0.005946407938534168,6.66688768233539e-05,1.1172047140574166e-06,7.404490094930203,0.001236767088276734
7.474428409270421e-05,0.011766131445451468,0.12239676351509318,9.659807336239804e-05,4.6748847087987154e-07,1.607433657432253e-05,0.015143128397882368,0.025515146994189143,0.031818301429618515,0.0009466525490088174,0.0005726693989937504,3.1928323314865876,0.12850967673317534,3.3585897582056844e-06,5.9786125924003605e-05,0.0004265325129557453,0.008803669824130715,0.005846871920958455,0.0002409090012694268,2.1103002699562976e-06,1.6147328001033274,0.40205091753397315
7.593965807095602e-05,0.12470861626344962,0.12318490272890337,9.659807336239804e-05,4.1713780162204396e-07,1.9822855487715984e-05,0.015143128397882368,0.010066391970994838,0.05831151389831983,0.0006504339444757268,0.0002231581828974622,3.1928323314865876,0.15075022824343473,2.7902904280971053e-06,6.37358331742282e-05,0.0014450927268221353,0.008921215392925298,0.005790592896264416,0.0001302887648798693,2.1132830363499826e-06,1.6147328001033274,0.40205091753397315
7.022868595405902e-05,0.04144044862671579,0.015745524197907042,9.686252746515598e-05,2.189813321997086e-05,3.727322588546249e-05,0.019181417886213553,0.05603599536103557,0.05297591222084067,0.0005397302574760086,0.001508002077226529,1.1345110145790955,0.0647885573562175,1.2939303274419417e-05,8.006995925357826e-05,0.0014224380381702418,0.008281590743471536,0.004305482922970522,5.9179614899133595e-05,0.0001385146453657699,1.1881722952564648,0.11254549347699161
7.431795543885368e-05,0.011341507464466102,0.05594681709629102,9.613420170347728e-05,6.303096334211514e-05,1.219478339106525e-05,0.00977031876578838,0.1107449907775514,0.030297418578455908,0.0004584093145002554,0.0008164254611550634,1.0521218364666685,0.08068331630438016,2.058724143323461e-05,6.239988944111636e-05,0.0004290876315421428,0.009697605753776116,0.004122749435851539,5.66442126659356e-08,6.028033594110824e-06,13.927704171571884,0.4192841390550077
7.497950143421037e-05,0.02753160164970373,0.25292319887668124,9.659807336239804e-05,4.6748847087987154e-07,1.607433657432253e-05,0.015143128397882368,0.025515146994189143,0.022951575741749566,0.0004050904761362078,0.0005726693989937504,5.591085729673523,0.13751188933147415,1.0819306663407354e-05,6.052152453265479e-05,0.0004225764579307264,0.008987355535064091,0.0059368218220652285,0.0002409090012694268,1.219596774152962e-06,1.160315661279293,0.3617817951009306
8.072287922218406e-05,0.013391735214000184,0.1713371907378861,9.931743925755215e-05,5.824528648918902e-06,1.677812999348351e-05,0.016522881484416243,0.025515146994189143,0.031818301429618515,0.0004002318582143448,0.002614532114209255,1.3418518543148255,0.01878782228275315,2.1108632242938926e-05,7.563015535765612e-05,5.497926129831838e-05,0.008664324479719144,0.00532363735643926,1.61391233794272e-05,6.087910052697505e-06,1.527989098792824,0.009832061834182143
7.612410499082127e-05,0.1323378790823952,0.11338415462331661,9.849698150590125e-05,8.877047577060673e-05,4.4698335655575306e-05,0.018672537759774656,0.07059378405079236,0.05661358894896089,0.0006616597693341272,0.0012230702371947046,5.433784475044139,0.01787398725478322,6.12147278698441e-06,6.511706024501223e-05,0.0019736823643412434,0.008314630610096593,0.005045256534513357,7.547585735550626e-05,0.002735500029456661,1.3995444140263216,0.0013471811709951627
6.903010280665165e-05,0.18745630180786343,0.13312565627150416,9.492690602548475e-05,8.872420094515132e-05,4.925447170667356e-05,0.00836925086030257,0.05722422947351659,0.08192749329754151,0.0006607986659014179,0.0011820007595316551,5.307095032213336,0.017901781286293203,1.247217904426178e-05,7.677394517971658e-05,0.004093500959199748,0.006926441704081654,0.001655272884726577,7.512559717184361e-05,0.002536007878671277,1.1446678718183518,0.001754297043507015
8.01168248081154e-05,0.1319846922250962,0.05371043837881451,7.80900599023393e-05,9.20274746637029e-06,3.712489027170672e-05,0.0023171815565516773,0.052750647871662344,0.10791310860050828,0.0006361039262881042,0.000859950733961797,5.316620227376156,0.04814517433306108,1.9987380130704776e-05,7.507358774457258e-05,0.0012071673833495633,0.007496535166795018,0.003997083439940648,6.511295856456122e-05,6.133946837408462e-05,4.929429643910742,0.0005014474968077374
6.530484246702305e-05,0.17871789817644035,0.5431070537240844,9.893072954885171e-05,4.817518319128034e-05,3.187889798480639e-05,0.003736442922168743,0.11913860376090875,0.10336450878372946,0.00012025365287959792,0.0014944225679362597,4.5960330318393074,0.04815316156352853,2.043366955603476e-05,4.998017036887126e-05,0.001418167159387154,0.00793477981665104,0.0038899868534317855,0.00021508753379636603,0.0006444293467273455,3.2847894444469055,0.007964807939851312
6.530484246702305e-05,0.1208961058038859,0.5284492030210339,9.284094278106772e-05,4.80714793589931e-05,3.2031310822822645e-05,0.02896501681362992,0.11913860376090875,0.1086735205361905,0.0001774062717070121,0.0014944225679362597,4.158508381999091,0.06366822559158106,7.97208846642464e-06,7.052771568789199e-05,0.0026693665572800483,0.006644428506763292,0.003210420531563605,0.00022566691717508985,0.0005919641388826881,3.4262113321086227,0.003583094957311856
7.433299861733834e-05,0.019428737785464556,0.32026738137124805,9.927398185066728e-05,7.126035041102053e-05,5.8664262586269114e-05,0.009033376722102616,0.11201465576950109,0.12996064073353647,0.00018354912389788284,0.0011206870776713407,2.635302743116985,0.056364100259593354,1.4408089832828244e-05,5.5048965068746724e-05,0.0016097654360995332,0.00850178859176378,0.0039172579057983395,0.00026387086774522375,0.0012037451287102137,4.411449185934671,0.0008885054843319562
8.111325034185576e-05,0.07656658725178028,0.024291137318945,9.742966362878926e-05,4.511744574307776e-05,5.96272557208593e-05,0.01815753032236003,0.05130275453537346,0.10174873638465112,0.00027813837660554594,0.0013276340218792686,4.1051507385829025,0.06373066012159716,2.3424553573950156e-05,8.804060041530218e-05,0.00389898655862739,0.009662332933102083,0.0046590161927448455,7.86777482369886e-05,0.003160799505615843,2.9580330303408395,0.0005278034100575446
7.019433923507159e-05,0.19246061369751755,0.15661420677823917,9.893072954885171e-05,5.9940495043972116e-05,3.5840495569367195e-05,0.003757274862415081,0.0544737796819698,0.10496084781871139,0.000212068603804701,0.000763505605702799,6.138422707131322,0.04815316156352853,2.1004178529684587e-05,6.506934835993584e-05,0.0026083244883345,0.007610934139040844,0.0039122269721403756,0.0001483204904844571,0.0006421774079103087,3.470280404918703,0.0006758031540602366
7.541245697079419e-05,0.04890569809140355,0.21178308429723494,9.317755326409717e-05,1.4661723332725375e-05,4.303728283475e-05,0.023592110149800144,0.03841997206272828,0.12572469021218244,0.0008877307292344322,0.0015808895943509819,1.0232188348562803,0.05579917131974679,2.4635813068672603e-06,6.940896177879205e-05,0.0008710513410362536,0.009984636832659852,0.0038675670455168764,7.642396093273208e-05,0.004729049878004129,4.329241070974566,0.0005103222739321124
7.61237274183621e-05,0.007117859276215962,0.31570394650505723,9.904849962884905e-05,3.889411355780991e-05,4.581511473143908e-05,0.025302832981818235,0.11448104078824925,0.15214593793713785,0.0008141063005421048,0.001817099045203158,1.7203486524063576,0.10231741743373955,1.9731796794051638e-05,9.790371077952466e-05,0.0009373506975153808,0.0075210808592085674,0.005745339712227016,0.00042595107471642157,0.0005390946742530414,5.8991107417997215,0.0006078400368826285
8.280221897379532e-05,0.04972199592988941,0.3822061438299693,8.728776019666403e-05,1.4961957480380444e-05,3.4892577058602776e-05,0.005298674985823188,0.08383928071210589,0.1271009549047167,0.00043390837329867257,0.0016149874271887963,3.5451939914923845,0.03968892807775316,6.698473688463468e-06,7.475128309298649e-05,0.00042260453984791554,0.009065931832353685,0.002988294873547807,0.0002162779361376972,0.0005325833105885502,13.447883528584075,0.0006010259361273403
7.825350348004232e-05,0.1830875232343121,0.11449241237957189,9.974216464618373e-05,9.94992147639201e-06,7.984127953365809e-05,0.04626475388207473,0.04221236965492989,0.18687048105344506,0.0004694985234500836,0.0019198416170745037,1.2243527392286069,0.09278849622103955,1.3719363772971319e-05,9.808552566471242e-05,0.00106873627829057,0.00974764345408016,0.005293245456478786,0.0001457186052349947,0.0020751272428695252,2.560174949013313,0.0006066677078806707
7.374930621353826e-05,0.18799183120583798,0.22506157893223372,9.47408794661409e-05,5.231887097991541e-06,8.694504699575369e-05,0.014951505764672727,0.12559876870405323,0.1059431696086078,0.000994715315880147,0.0009467923829247942,4.929180931493468,0.011602245966811389,2.242457514931466e-05,8.736657230167826e-05,0.0017667892688059982,0.00732164708291819,0.005137692095651795,0.00018762313330979204,2.110579185311383e-05,7.156574641340861,0.03476300499431548
7.591295461305759e-05,0.19629194875568856,0.3382740425652434,9.488996052777341e-05,9.524312740767559e-08,3.358956241411487e-05,0.022513310347030066,0.12559876870405323,0.10275871909906668,0.000990370107156849,0.0007825953754171622,4.929180931493468,0.01033443786802738,2.6404539162239093e-05,8.296876702055668e-05,0.0015614491502927783,0.008003120874593728,0.005121000778031655,0.00021667697012273446,2.110579185311383e-05,2.251338401686689,0.03528397948452877
8.431133943446586e-05,0.156758774047216,0.16710890748182358,7.988562115007963e-05,1.77911315722195e-05,3.942919680492284e-05,0.011231201048251246,0.13559461708318937,0.0698407468119942,0.0009145458955890443,0.0008710210420567016,5.539044745756524,0.019882788047559396,1.0177965986451735e-05,9.83353481887892e-05,0.000927093274738437,0.005921330180041129,0.0029015288262823954,0.00023689824743578175,1.552868663098331e-05,4.665681785613939,0.10795415674810006
8.881637710017673e-05,0.05167181929739747,0.13416391748074136,9.996238252776313e-05,8.4412313967955e-06,8.328412441443138e-05,0.0008385932825855676,0.07425801012539868,0.07368996079363896,0.000956882974002075,0.0006087812478223422,6.370426514599246,0.02321518021946948,2.122100758434734e-05,8.25755724436899e-05,9.394178452349939e-05,0.0099176423511776,0.004312626243526853,0.0003888429085365078,0.00034572261715906487,2.0193594453711974,0.0006745121702971466
6.992217513182007e-05,0.15152356324096056,0.12154880220976068,6.970400827669732e-05,3.88687912173228e-06,6.114743796059291e-05,0.03156386386045654,0.10575561431537982,0.03590867826867895,0.0005183310352388986,0.000982564642178112,7.024320619726555,0.009136357461106252,9.195836859715734e-06,7.717211041983163e-05,0.0037346932082315534,0.008200393061224664,0.005383616030116466,0.00040808119042918476,0.0007460283416733686,14.934727445837934,0.0016121800967940584
8.279472573272457e-05,0.15811981987919863,7.226113982445595e-05,9.64541891488593e-05,4.765643009052616e-05,6.540527170611909e-05,0.016472411868516276,0.05438082408691479,0.07950820898765719,0.0007025954866377615,0.0014075765867272005,5.996724997518202,0.007069211427982494,1.5439225732833104e-05,8.465790615339147e-05,0.00012657148004070946,0.006808177213619628,0.0055528991902255315,0.00017971513868825714,0.002852832999181088,3.9967851642179726,0.0005388334142563006
7.579281824548902e-05,0.06819876408686505,0.12439301407928122,9.361813868537561e-05,1.3428144295752538e-07,4.735711951739399e-05,0.005113723138562266,0.14312542247330368,0.03909629718212272,0.00026700739605249455,0.0009209490618392068,3.0110375174610864,0.16586566217627258,2.511803297763353e-05,8.208770165764166e-05,0.0031379991046102547,0.00691225311494836,0.004234168147234811,0.000447846758100135,0.0011259213545863002,10.040455720726124,0.0008000496164234827
8.853333331132093e-05,0.13927497192463487,0.15396829092166095,9.857548406841985e-05,5.565818206314001e-06,5.275802093280952e-05,0.007282936297785188,0.11192970289790802,0.048748208458002276,0.0007562744877448406,0.00041289509047955347,7.586792196969578,0.0041150940001813685,2.2677100617964325e-05,9.407790706466948e-05,0.0003693440585263105,0.008863575525598928,0.005567155224979921,0.000370550982468917,3.8491647189613026e-05,13.113826192657863,0.058085312312829915
7.852820361655099e-05,0.14626605632750703,0.05531888800883611,9.391698383977792e-05,2.827872668194625e-06,6.869277311107131e-05,0.009530495343560997,0.11237267871454129,0.0380054168265153,0.0007853574053792824,0.001530958202519082,8.149850735397157,0.008020680688092556,2.129791456069182e-05,9.31031821063208e-05,0.00045572393264369676,0.006702054987158666,0.004883287177659939,8.985035741473354e-05,0.00037073110980321395,2.0602314714872536,0.017021772489030876
6.544179665414151e-05,0.17097974447382225,0.06384636207441167,9.955855795593991e-05,2.061249103066948e-05,7.171626936712662e-05,0.017483299818981,0.07786544209235977,0.014003230218202907,0.000842474225310257,0.0030640688553906564,2.4889062807816673,0.008629699398023088,3.312714072903113e-05,3.782450311420746e-05,6.667224061211014e-06,0.005901118720896259,0.003983958843125961,0.00010133904565414291,3.6068572588662215e-05,2.6328557981466933,0.05763330647746208
7.827569074995625e-05,0.12125468129229384,0.4562525419250312,8.955258187383613e-05,5.04638678355887e-06,2.358278434924445e-05,0.00627173619185175,0.12932129491981062,0.04158360451462478,0.0009869668334485694,0.0011804582782266294,6.399285810675192,0.01112582208124236,1.7655123422781543e-05,8.706147337608369e-05,0.0002967710765462532,0.009674203358960833,0.004852080288756136,3.8376190640153335e-05,2.799570877000419e-07,3.5161304382585037,0.11649733454365631
6.404617034730259e-05,0.18725291412004907,0.06209153578690638,9.390731623233155e-05,2.9854142182461364e-05,2.359429282578881e-05,0.019688685037239875,0.07184246735626568,0.025777079365584238,0.000964727299322524,0.0029409876689184427,2.354009381477769,0.00538960868573761,2.15947203533543e-05,4.431694471907863e-05,0.0003811099225208244,0.009821274054288313,0.004766523593984039,8.783575499972775e-05,3.6068572588662215e-05,1.8334334566219457,0.0681497834716538
8.29296873847296e-05,0.05130627100560377,0.4431549968316141,8.860003634251466e-05,1.8044399972489593e-05,7.323612036258198e-05,0.016739756827034605,0.12932129491981062,0.03036786007382654,0.0004968543768724748,0.0009543928441116378,7.437490443359461,0.016339212165484153,8.704464036781358e-06,8.592890583602165e-05,0.0002967710765462532,0.009915872786964023,0.0047190156638263646,3.8376190640153335e-05,2.799570877000419e-07,3.4178917772068873,0.11649733454365631
7.175596288082449e-05,0.146754917089757,0.08093486476218276,7.486869474370269e-05,2.139378264399814e-05,9.043771907301127e-05,0.011868431130430849,0.1534760958814184,0.029456840737061236,0.000990256189400286,0.001460092502268803,1.2983524130739046,0.1504041176535254,2.3195424799877705e-05,6.343629010701792e-05,0.0019775514669661,0.009660914946909602,0.004407765590712218,1.1191212283586646e-06,0.0034493046037053178,3.890661891111501,0.0014355326427275212
6.867992775787668e-05,0.18725291412004907,0.062342633594461475,9.390731623233155e-05,4.2756608213074165e-05,2.359429282578881e-05,0.019688685037239875,0.07472349059177258,0.021507057945636322,0.0003466044649576233,0.001682601122578373,1.146508613227271,0.030591062533180932,3.5199868316610644e-05,4.4358277801061585e-05,0.00019084037460362585,0.009475880711103097,0.004766523593984039,5.466731846486674e-05,2.744013511627206e-05,1.5576221415230005,0.02720948902684991
6.717408085103213e-05,0.06199482344175202,0.09676438767046272,8.830376269742343e-05,1.7359829796296723e-05,7.270792013341492e-05,0.0012770933868348983,0.13909542980841821,0.015499829528242658,0.0007935085622949667,0.00017659827770236645,1.7357707313184,0.2629648596231784,2.2066980857821768e-05,3.32846288999859e-05,0.001106770123006049,0.008470455420049577,0.004814133030514563,3.7701402159764885e-05,0.0022552724117887377,4.1215744583125975,0.002574473283292213
6.799999904485068e-05,0.170317896328278,0.06755482014362281,9.317660983408612e-05,2.7554221831032592e-05,6.61134784478111e-05,0.0007749061425867468,0.07323882775820963,0.041846477948935965,0.0006776483602347085,0.0038701613864338953,2.4755921151556297,0.005413613928962216,1.3670403464795522e-05,4.431694471907863e-05,0.00025037840232082584,0.009821274054288313,0.005379471821894836,0.00018154693288225,5.135915545808008e-05,1.0484005472423048,0.0681497834716538
7.83621844701161e-05,0.05130627100560377,0.23906269918727308,7.322034926300443e-05,4.705583147137407e-06,4.352332083065831e-05,0.003762651560276982,0.10351814693463868,0.08385478711273993,0.0006287752176740124,0.0008329980690181388,4.9645963202033006,0.054715806246054974,1.1532751531779058e-05,7.601546558879169e-05,0.0026871669114135275,0.00900312961549304,0.005020007284060535,2.3765597372858442e-07,1.2201541918190946e-06,1.0627050132411167,0.20683783567049774
7.94365729032571e-05,0.19508032321770866,0.182196466666059,9.023702244675615e-05,6.58713457366208e-06,3.869686749916759e-05,0.027474542974606248,0.08573639793937404,0.033201969413389855,0.0006351123554198536,0.0017006488212236274,3.621233086852055,0.018629630114243994,1.6222227312972964e-05,8.92691730571196e-05,0.0023110481796264144,0.008732456218712556,0.005997268300851288,0.00014046389926930403,0.0003172115255504127,1.2356106650547705,0.0028448927502410654
7.056957080055384e-05,0.04888985231247488,0.4164790560739699,8.714598157137368e-05,2.0317864510126967e-05,3.458548575910717e-05,0.015188031588649084,0.12813321511766695,0.02950579027198654,0.0009959423156678312,0.0015297160476703683,13.45749272057162,0.00477295122000581,2.9945720948277366e-06,6.69323807365002e-05,0.00021593827796048768,0.007996561338284558,0.005969211775985299,2.081950387019205e-05,0.00018883964959431966,1.2242783435023084,0.03135061059214712
8.64159380062341e-05,0.14315452926917405,0.12266614648881231,9.623265567113981e-05,1.596516227203816e-05,4.586569610035645e-05,0.028576623545249702,0.08236317061176471,0.05260917676869052,0.000542810709212826,0.0010347045527763412,3.621233086852055,0.02030174522581353,4.2494609677643565e-05,9.819427245899004e-05,0.0010087133983957245,0.006014451338338093,0.005990131071234523,5.084626314005487e-05,0.0003172115255504127,3.652745757545797,0.0005980570176103682
7.924390688577744e-05,0.05130627100560377,0.18450878937801915,8.936766367310035e-05,1.9894526073125288e-05,6.28826865921721e-05,0.018259623603534895,0.12966338452419127,0.014143714435170408,0.0004968543768724748,0.0014827690358880762,7.443435157322482,0.011697538137145424,2.208635963117264e-05,8.592890583602165e-05,0.0002967710765462532,0.009983624869637069,0.0048197290032351335,0.00018698193659674378,4.004892145156913e-07,3.407397985389112,0.08519877871386762
8.514964171470126e-05,0.10545630813321649,0.4748834933487328,8.133255466495031e-05,5.375099935806331e-05,8.034307259358201e-05,0.0076915821046222525,0.05759824982729213,0.014572626377723483,0.0008841928876870663,0.00101320850949085,1.4736702872528349,0.14008797190802538,2.430657013623482e-05,9.111269177483546e-05,0.001269205852359403,0.008609982348184731,0.005983105105480487,9.729159592058225e-05,0.0012156155870344347,1.5196140812536716,0.0005015568600199413
8.611218024548922e-05,0.18596648474023117,0.19693375201449553,9.849245407669942e-05,6.58713457366208e-06,7.753628361078496e-05,0.026811452061664652,0.08648530500606474,0.05285623945458201,0.0006528146568495887,0.0015368731111094543,4.761317342413755,0.017784302815556263,2.8719773327205767e-05,8.941440656850604e-05,0.0013572687431199694,0.00609042536127279,0.005609303276202962,5.084626314005487e-05,0.0002223489298388983,2.0616753778744528,0.000606352196377868
6.68443887264435e-05,0.09859866177843479,0.15426293068997848,9.999789242928886e-05,5.404798924628205e-06,8.12082572566608e-05,0.019282387526416027,0.13224990156739108,0.04397040453144016,0.0009543749123796305,0.0005563294460213277,5.411843687168096,0.027961928151734542,4.49824632091014e-05,7.222902001924966e-05,0.0032017824403450194,0.005602832361398781,0.005075680099997135,8.272922637446206e-05,9.192901868450108e-06,1.3326676071051144,0.0011754595158717206
